<?xml version="1.0" encoding="utf-8" standalone="yes"?>

<?xml-stylesheet href="./_c74_ref.xsl" type="text/xsl"?>

<!--This is an automatically generated file. DO NOT EDIT THIS FILE DIRECTLY. Rather, use the _ref.xml files found in the 'edits' folder.-->
<c74object name="poly.ambipan~" module="msp" category="MSP I/O">
	<digest>
		2D spatialisation by ambisonic B format.
	</digest>
	<description>
		The <o>poly.ambipan~</o> object spatializes multiple inputs in a plan due to the ambisonic B format by Michael Gerzon. The gains of every loudspeaker help creating a virtual location of the sound sources all around the listener.
	</description>
	<!--METADATA-->
	<metadatalist>
		<metadata name="author">
			E.PARIS, R.MIGNOT, B.COURRIBET, CICM, Paris-8 University, MSH Paris Nord, ACI Jeunes.
		</metadata>
		<metadata name="tag">
			MSP
		</metadata>
		<metadata name="tag">
			MSP I/O
		</metadata>
	</metadatalist>
	<!--INLETS-->
	<inletlist>
		<inlet id="0" type="list">
			<digest>
				source coordinates and others messages.
			</digest>
			<description>
				TEXT_HERE
			</description>
		</inlet>
		<inlet id="1" type="signal">
			<digest>
				signal in.
			</digest>
			<description>
				TEXT_HERE
			</description>
		</inlet>
	</inletlist>
	<!--OUTLETS-->
	<outletlist>
		<outlet id="0" type="signal">
			<digest>
				(signal) Output of Audio Channels
			</digest>
			<description>
				TEXT_HERE
			</description>
		</outlet>
	</outletlist>
	<!--ARGUMENTS-->
	<objarglist>
		<objarg name="number-of-inputs" optional="1" type="int">
			<digest>
				The Number of inputs, and so of source.
			</digest>
			<description>
				The argument specify the number of input channels you need, and so of sources, it must be between 2 and 32. Without parameters there is only one.
			</description>
		</objarg>
		<objarg name="number-of-outputs" optional="1" type="int">
			<digest>
				The Number of outlets, and so of loudspeakers by default.
			</digest>
			<description>
				The argument specify the number of output channels you need, and so of loudspeakers by default, it must be between 2 and 32. Without parameters there are 4 outlets.
			</description>
		</objarg>
        <objarg name="coordinate-type" optional="1" type="symbol">
			<digest>
				Coordinate type : 'c' = cartesian, 'p' = polar.
			</digest>
			<description>
				Coordinate type : 'c' = cartesian, 'p' = polar, by default the coordinates are cartesian.
			</description>
		</objarg>
        <objarg name="ambisonic-offset" optional="1" type="float">
			<digest>
				Set the Ambisonic offset.
			</digest>
			<description>
				Set the Ambisonic offset. By default 0.3.
			</description>
		</objarg>
	</objarglist>
	<!--MESSAGES-->
	<methodlist>
		<method name="set_nb_hp">
			<arglist>
				<arg name="loudspeakers-number" optional="0" type="int" />
			</arglist>
			<digest>
				Change the loudspeakers number.
			</digest>
			<description>
				The word <m>set_nb_hp</m>, followed by an int change the loudspeaker number.
                the number must be between 2 and the number of current outputs.
			</description>
		</method>
        <method name="set_offset">
			<arglist>
				<arg name="offset" optional="0" type="float" />
			</arglist>
			<digest>
				Change the offset value.
			</digest>
			<description>
			</description>
		</method>
        <method name="get_info">
			<arglist>
			</arglist>
			<digest>
				Print informations into the Max window.
			</digest>
			<description>
			</description>
		</method>
        <method name="change_type">
			<arglist>
            <arg name="type" optional="0" type="symbol" />
			</arglist>
			<digest>
				Change the coordinates type
			</digest>
			<description>
            In order to change the coordinates type: 'c'= cartesian, 'p' = polar.
            </description>
		</method>
	</methodlist>
	<!--ATTRIBUTES-->
	<!--EXAMPLE-->
	<examplelist>
	</examplelist>
	<!--SEEALSO-->
	<seealsolist>
        <seealso name="ambipan~" />
		<seealso name="ambicube~" />
		<seealso name="vbapan~" />
	</seealsolist>
	<discussion>
		The <o>poly.ambipan~</o> object spatializes multiple inputs in a plan due to the ambisonic B format by Michael Gerzon. The gains of every loudspeaker help creating a virtual location of the sound sources all around the listener.
	</discussion>
	<misc name="Output">
		<entry name="signal">
			<description>
                The <o>poly.ambipan~</o> object spatializes multiple inputs in a plan due to the ambisonic B format by Michael Gerzon. The gains of every loudspeaker help creating a virtual location of the sound sources all around the listener.
			</description>
		</entry>
	</misc>
</c74object>
