<?xml version="1.0" encoding="utf-8" standalone="yes"?>

<?xml-stylesheet href="./_c74_ref.xsl" type="text/xsl"?>

<!--Data marked TEXT_HERE, INLET_TYPE, OUTLET_TYPE, ARG_NAME and ARG_TYPE need to be filled in-->
<c74object name="j.cubicInterpolate" module="" category="Jamoma">
	<digest>
		Cubic interpolation on a stream of number	</digest>
	<description>
		<!-- TEXT_HERE -->
	</description>
	<!--METADATA-->
	<metadatalist>
		<metadata name="author">
			Jamoma
		</metadata>
		<metadata name="tag">
			Jamoma
		</metadata>
	</metadatalist>
	<!--INLETS-->
	<inletlist>
		<inlet id="0" type="bang/float">
			<digest>
				interpolate, set next
			</digest>
			<description>
				TEXT_HERE
			</description>
		</inlet>
		<inlet id="1" type="bang/float">
			<digest>
			</digest>
			<description>
				TEXT_HERE
			</description>
		</inlet>
	</inletlist>
	<!--OUTLETS-->
	<outletlist>
		<outlet id="0" type="float">
			<digest>
				interpolated value
			</digest>
			<description>
				TEXT_HERE
			</description>
		</outlet>
		<outlet id="1" type="bang">
			<digest>
				need new target value
			</digest>
			<description>
				TEXT_HERE
			</description>
		</outlet>
		<outlet id="2" type="bang">
			<digest>
				dumpout
			</digest>
			<description>
				TEXT_HERE
			</description>
		</outlet>
	</outletlist>
	<!--ARGUMENTS-->
	<objarglist>
		<objarg id="0" name="OBJARG_NAME" type="OBJARG_TYPE" optional="0">
			<digest>
				TEXT_HERE
			</digest>
			<description>
				TEXT_HERE
			</description>
		</objarg>
	</objarglist>
	<!--MESSAGES-->
	<methodlist>
		<method name="int">
			<arglist>
				<arg name="ARG_NAME_0" type="int" optional="0" />
			</arglist>
			<digest>
				TEXT_HERE
			</digest>
			<description>
				TEXT_HERE
			</description>
		</method>
		<method name="float">
			<arglist>
				<arg name="ARG_NAME_0" type="float" optional="0" />
			</arglist>
			<digest>
				TEXT_HERE
			</digest>
			<description>
				TEXT_HERE
			</description>
		</method>
		<method name="clear">
			<arglist />
			<digest>
				TEXT_HERE
			</digest>
			<description>
				TEXT_HERE
			</description>
		</method>
	</methodlist>
	<!--ATTRIBUTES-->
	<attributelist>
		<attribute name="step" get="1" set="1" type="float" size="1">
			<digest>
				TEXT_HERE
			</digest>
			<description>
				TEXT_HERE
			</description>
		</attribute>
	</attributelist>
	<!--EXAMPLE-->
	<examplelist>
		<example caption="" img="" />
	</examplelist>
	<!--SEEALSO-->
	<seealsolist>
		<!-- <seealso name="bogus">
			TEXT_HERE
		</seealso> -->
	</seealsolist>
</c74object>
