<?xml version="1.0" encoding="utf-8" standalone="yes"?>

<?xml-stylesheet href="./_c74_ref.xsl" type="text/xsl"?>

<!--Data marked TEXT_HERE, INLET_TYPE, OUTLET_TYPE, ARG_NAME and ARG_TYPE need to be filled in-->
<c74object name="j.dbap_bformat" module="" category="Jamoma">
	<digest>
		DBAP using B-format signals as input	</digest>
	<description>
		<!-- TEXT_HERE -->
	</description>
	<!--METADATA-->
	<metadatalist>
		<metadata name="author">
			Jamoma
		</metadata>
		<metadata name="tag">
			Jamoma
		</metadata>
	</metadatalist>
	<!--INLETS-->
	<inletlist>
		<inlet id="0" type="INLET_TYPE">
			<digest>
				set source and speaker positions
			</digest>
			<description>
				TEXT_HERE
			</description>
		</inlet>
		<inlet id="1" type="INLET_TYPE">
			<digest>
			</digest>
			<description>
				TEXT_HERE
			</description>
		</inlet>
	</inletlist>
	<!--OUTLETS-->
	<outletlist>
		<outlet id="0" type="list">
			<digest>
				messages for matrix~
			</digest>
			<description>
				TEXT_HERE
			</description>
		</outlet>
		<outlet id="1" type="list">
			<digest>
				dumpout
			</digest>
			<description>
				TEXT_HERE
			</description>
		</outlet>
	</outletlist>
	<!--ARGUMENTS-->
	<objarglist>
		<objarg id="0" name="OBJARG_NAME" type="OBJARG_TYPE" optional="0">
			<digest>
				TEXT_HERE
			</digest>
			<description>
				TEXT_HERE
			</description>
		</objarg>
	</objarglist>
	<!--MESSAGES-->
	<methodlist>
		<method name="blur">
			<arglist>
				<arg name="ARG_NAME_0" type="list" optional="0" />
			</arglist>
			<digest>
				TEXT_HERE
			</digest>
			<description>
				TEXT_HERE
			</description>
		</method>
		<method name="blurall">
			<arglist>
				<arg name="ARG_NAME_0" type="float" optional="0" />
			</arglist>
			<digest>
				TEXT_HERE
			</digest>
			<description>
				TEXT_HERE
			</description>
		</method>
		<method name="dst_position">
			<arglist>
				<arg name="ARG_NAME_0" type="list" optional="0" />
			</arglist>
			<digest>
				TEXT_HERE
			</digest>
			<description>
				TEXT_HERE
			</description>
		</method>
		<method name="dumpout">
			<arglist />
			<digest>
				TEXT_HERE
			</digest>
			<description>
				TEXT_HERE
			</description>
		</method>
		<method name="info">
			<arglist />
			<digest>
				TEXT_HERE
			</digest>
			<description>
				TEXT_HERE
			</description>
		</method>
		<method name="master_gain">
			<arglist>
				<arg name="ARG_NAME_0" type="float" optional="0" />
			</arglist>
			<digest>
				TEXT_HERE
			</digest>
			<description>
				TEXT_HERE
			</description>
		</method>
		<method name="polarity">
			<arglist>
				<arg name="ARG_NAME_0" type="list" optional="0" />
			</arglist>
			<digest>
				TEXT_HERE
			</digest>
			<description>
				TEXT_HERE
			</description>
		</method>
		<method name="polarityall">
			<arglist>
				<arg name="ARG_NAME_0" type="float" optional="0" />
			</arglist>
			<digest>
				TEXT_HERE
			</digest>
			<description>
				TEXT_HERE
			</description>
		</method>
		<method name="src_gain">
			<arglist>
				<arg name="ARG_NAME_0" type="list" optional="0" />
			</arglist>
			<digest>
				TEXT_HERE
			</digest>
			<description>
				TEXT_HERE
			</description>
		</method>
		<method name="src_mute">
			<arglist>
				<arg name="ARG_NAME_0" type="list" optional="0" />
			</arglist>
			<digest>
				TEXT_HERE
			</digest>
			<description>
				TEXT_HERE
			</description>
		</method>
		<method name="src_position">
			<arglist>
				<arg name="ARG_NAME_0" type="list" optional="0" />
			</arglist>
			<digest>
				TEXT_HERE
			</digest>
			<description>
				TEXT_HERE
			</description>
		</method>
		<method name="src_weight">
			<arglist>
				<arg name="ARG_NAME_0" type="list" optional="0" />
			</arglist>
			<digest>
				TEXT_HERE
			</digest>
			<description>
				TEXT_HERE
			</description>
		</method>
	</methodlist>
	<!--ATTRIBUTES-->
	<attributelist>
		<attribute name="num_destinations" get="1" set="1" type="int" size="1">
			<digest>
				TEXT_HERE
			</digest>
			<description>
				TEXT_HERE
			</description>
		</attribute>
		<attribute name="num_sources" get="1" set="1" type="int" size="1">
			<digest>
				TEXT_HERE
			</digest>
			<description>
				TEXT_HERE
			</description>
		</attribute>
		<attribute name="rolloff" get="1" set="1" type="float" size="1">
			<digest>
				TEXT_HERE
			</digest>
			<description>
				TEXT_HERE
			</description>
		</attribute>
		<attribute name="vicinity" get="1" set="1" type="float" size="1">
			<digest>
				TEXT_HERE
			</digest>
			<description>
				TEXT_HERE
			</description>
		</attribute>
	</attributelist>
	<!--EXAMPLE-->
	<examplelist>
		<example caption="" img="" />
	</examplelist>
	<!--SEEALSO-->
	<seealsolist>
		<seealso name="j.dbap"/>
		<!-- <seealso name="j.dbap"/> -->
	</seealsolist>
</c74object>
