<?xml version="1.0" encoding="utf-8" standalone="yes"?>

<?xml-stylesheet href="./_c74_ref.xsl" type="text/xsl"?>

<!--Data marked TEXT_HERE, INLET_TYPE, OUTLET_TYPE, ARG_NAME and ARG_TYPE need to be filled in-->
<c74object name="j.delta" module="" category="Jamoma">
	<digest>
		1st order difference
	</digest>
	<description>
		j.delta implements the first, second order difference as well as velocity
	</description>
	<!--METADATA-->
	<metadatalist>
		<metadata name="author">
			Jamoma
		</metadata>
		<metadata name="tag">
			delta
		</metadata>
		<metadata name="tag">
			Jamoma
		</metadata>
	</metadatalist>
	<!--INLETS-->
	<inletlist>
		<inlet id="0" type="int/float">
			<digest>
				function value
			</digest>
			<description>
				TEXT_HERE
			</description>
		</inlet>
		<inlet id="1" type="int/float">
			<digest>
			</digest>
			<description>
				TEXT_HERE
			</description>
		</inlet> -->
	</inletlist>
	<!--OUTLETS-->
	<outletlist>
		<outlet id="0" type="float">
			<digest>
				1st order difference
			</digest>
			<description>
				1st order difference (∆x = x[n] - x[n-1])
			</description>
		</outlet>
		<outlet id="1" type="float">
			<digest>
				2nd order difference
			</digest>
			<description>
				2nd order difference (∆x2 = x[n] - 2*x[n-1] + x[n-2])
			</description>
		</outlet>
		<outlet id="2" type="float">
			<digest>
				velocity
			</digest>
			<description>
				velocity (velocity = 1000 * ∆x / ∆t)
			</description>
		</outlet>
		<outlet id="3" type="float">
			<digest>
				dumpout
			</digest>
			<description>
				dumpout
			</description>
		</outlet>
	</outletlist>
	<!--ARGUMENTS-->
	<!-- <objarglist>
		<objarg id="0" name="OBJARG_NAME" type="OBJARG_TYPE" optional="0">
			<digest>
				TEXT_HERE
			</digest>
			<description>
				TEXT_HERE
			</description>
		</objarg>
	</objarglist> -->
	<!--MESSAGES-->
	<methodlist>
		<!-- <method name="int"> -->
			<!-- <arglist>
				<arg name="ARG_NAME_0" type="int" optional="0" />
			</arglist>
			<digest>
				TEXT_HERE
			</digest>
			<description>
				TEXT_HERE
			</description>
		</method>
		<method name="float">
			<arglist>
				<arg name="ARG_NAME_0" type="float" optional="0" />
			</arglist>
			<digest>
				TEXT_HERE
			</digest>
			<description>
				TEXT_HERE
			</description>
		</method> -->
		<method name="clear">
			<arglist />
			<digest>
				Clear history
			</digest>
			<description>
				Clear history
			</description>
		</method>
		<method name="set">
			<arglist>
				<arg name="ARG_NAME_0" type="list" optional="0" />
			</arglist>
			<digest>
				Set initial value
			</digest>
			<description>
				Set an initial value for the delta to be calculated from
			</description>
		</method>
	</methodlist>
	<!--ATTRIBUTES-->
	<!--EXAMPLE-->
	<examplelist>
		<example caption="" img="" />
	</examplelist>
	<!--SEEALSO-->
	<seealsolist>
		<seealso name="delta~"/>
	</seealsolist>
</c74object>
