<?xml version="1.0" encoding="utf-8" standalone="yes"?>

<?xml-stylesheet href="./_c74_ref.xsl" type="text/xsl"?>

<!--Data marked TEXT_HERE, INLET_TYPE, OUTLET_TYPE, ARG_NAME and ARG_TYPE need to be filled in-->
<c74object name="j.envexp" module="" category="Jamoma">
	<digest>
		Envelope with linear rise and exponential decay
	</digest>
	<description>
		j.envexp generates line~ formatted values to output a ramp with linear rise and exponential decay
	</description>
	<!--METADATA-->
	<metadatalist>
		<metadata name="author">
			Jamoma
		</metadata>
		<metadata name="tag">
			ramp
		</metadata>
		<metadata name="tag">
			Jamoma
		</metadata>
	</metadatalist>
	<!--INLETS-->
	<inletlist>
		<inlet id="0" type="List">
			<digest>
				Max. ampl, attack time, decay time
			</digest>
			<description>
				Max. ampl, attack time, decay time
			</description>
		</inlet>
		<inlet id="1" type="List">
			<digest>
			</digest>
			<description>
				<!-- TEXT_HERE -->
			</description>
		</inlet>
	</inletlist>
	<!--OUTLETS-->
	<outletlist>
		<outlet id="0" type="OUTLET_TYPE">
			<digest>
				Envelope data in line~ format
			</digest>
			<description>
				Envelope data in line~ format
			</description>
		</outlet>
		<outlet id="1" type="OUTLET_TYPE">
			<digest>
				Envelope data in line~ format
			</digest>
			<description>
				Envelope data in line~ format
			</description>
		</outlet>
	</outletlist>
	<!--ARGUMENTS-->
	<!-- <objarglist>
		<objarg id="0" name="OBJARG_NAME" type="OBJARG_TYPE" optional="0">
			<digest>
				TEXT_HERE
			</digest>
			<description>
				TEXT_HERE
			</description>
		</objarg>
	</objarglist> -->
	<!--MESSAGES-->
	<methodlist>
		<method name="float">
			<arglist>
				<arg name="ARG_NAME_0" type="float" optional="0" />
			</arglist>
			<digest>
				Update @amplitude and trigger envelope
			</digest>
			<description>
				Update @amplitude and trigger envelope
			</description>
		</method>
	</methodlist>
	<!--ATTRIBUTES-->
	<attributelist>
		<attribute name="amplitude" get="1" set="1" type="float" size="1">
			<digest>
				Peak amplitude as linear value
			</digest>
			<description>
				Peak amplitude as linear value
			</description>
		</attribute>
		<attribute name="attack" get="1" set="1" type="float" size="1">
			<digest>
				Attack time in ms
			</digest>
			<description>
				Attack time in ms
			</description>
		</attribute>
		<attribute name="decayrate" get="1" set="1" type="float" size="1">
			<digest>
				How many decibel envelope will decay per second
			</digest>
			<description>
				How many decibel envelope will decay per second
			</description>
		</attribute>
		<attribute name="steal" get="1" set="1" type="int" size="1">
			<digest>
				Enable (1) or disable (0) note stealing
			</digest>
			<description>
				Enable (1) or disable (0) note stealing
			</description>
		</attribute>
		<attribute name="threshold" get="1" set="1" type="float" size="1">
			<digest>
				How many decibel amplitude is to decay before being set to zero
			</digest>
			<description>
				How many decibel amplitude is to decay before being set to zero
			</description>
		</attribute>
	</attributelist>
	<!--EXAMPLE-->
	<examplelist>
		<example caption="" img="" />
	</examplelist>
	<!--SEEALSO-->
	<seealsolist>
		<seealso name="j.ramp"/>
		<seealso name="j.function"/>
		<seealso name="line~"/>
	</seealsolist>
</c74object>
