<?xml version="1.0" encoding="utf-8" standalone="yes"?>

<?xml-stylesheet href="./_c74_ref.xsl" type="text/xsl"?>

<!--Data marked TEXT_HERE, INLET_TYPE, OUTLET_TYPE, ARG_NAME and ARG_TYPE need to be filled in-->
<c74object name="j.gang" module="" category="Jamoma">
	<digest>
		Link objects together
	</digest>
	<description>
		<!-- Link objects together -->
	</description>
	<!--METADATA-->
	<metadatalist>
		<metadata name="author">
			Jamoma
		</metadata>
		<metadata name="tag">
			Jamoma
		</metadata>
	</metadatalist>
	<!--INLETS-->
	<inletlist>
		<inlet id="0" type="INLET_TYPE">
			<digest>
				Connect to ui object
			</digest>
			<description>
				<!-- TEXT_HERE -->
			</description>
		</inlet>
		<inlet id="1" type="INLET_TYPE">
			<digest>
				Connect to pp
			</digest>
			<description>
				<!-- TEXT_HERE -->
			</description>
		</inlet>
		<inlet id="2" type="INLET_TYPE">
			<digest>
				Aux object 1
			</digest>
			<description>
				<!-- TEXT_HERE -->
			</description>
		</inlet>
		<inlet id="3" type="INLET_TYPE">
			<digest>
				Aux object 2
			</digest>
			<description>
				<!-- TEXT_HERE -->
			</description>
		</inlet>
	</inletlist>
	<!--OUTLETS-->
	<outletlist>
		<outlet id="0" type="OUTLET_TYPE">
			<digest>
				Connect to ui object
			</digest>
			<description>
				<!-- TEXT_HERE -->
			</description>
		</outlet>
		<outlet id="1" type="OUTLET_TYPE">
			<digest>
				Connect to pp
			</digest>
			<description>
				<!-- TEXT_HERE -->
			</description>
		</outlet>
		<outlet id="2" type="OUTLET_TYPE">
			<digest>
				Aux object 1
			</digest>
			<description>
				<!-- TEXT_HERE -->
			</description>
		</outlet>
		<outlet id="3" type="OUTLET_TYPE">
			<digest>
				Aux object 2
			</digest>
			<description>
				<!-- TEXT_HERE -->
			</description>
		</outlet>
		<outlet id="4" type="OUTLET_TYPE">
			<digest>
				Dumpout
			</digest>
			<description>
				<!-- TEXT_HERE -->
			</description>
		</outlet>
	</outletlist>
	<!--ARGUMENTS-->
	<!-- <objarglist>
		<objarg id="0" name="OBJARG_NAME" type="OBJARG_TYPE" optional="0">
			<digest>
				TEXT_HERE
			</digest>
			<description>
				TEXT_HERE
			</description>
		</objarg>
	</objarglist> -->
	<!--MESSAGES-->
	<methodlist>
		<method name="int">
			<arglist />
			<digest>
				Integer input
			</digest>
			<description>
				<!-- TEXT_HERE -->
			</description>
		</method>
		<method name="float">
			<arglist />
			<digest>
				Float input
			</digest>
			<description>
				<!-- TEXT_HERE -->
			</description>
		</method>
		<method name="list">
			<arglist>
				<arg name="ARG_NAME_0" type="list" optional="0" />
			</arglist>
			<digest>
				List input
			</digest>
			<description>
				<!-- TEXT_HERE -->
			</description>
		</method>
	</methodlist>
	<!--ATTRIBUTES-->
	<!--EXAMPLE-->
	<examplelist>
		<example caption="" img="" />
	</examplelist>
	<!--SEEALSO-->
	<!-- <seealsolist>
		<seealso name="bogus">
			TEXT_HERE
		</seealso>
	</seealsolist> -->
</c74object>
