<?xml version="1.0" encoding="utf-8" standalone="yes"?>

<?xml-stylesheet href="./_c74_ref.xsl" type="text/xsl"?>

<!--Data marked TEXT_HERE, INLET_TYPE, OUTLET_TYPE, ARG_NAME and ARG_TYPE need to be filled in-->
<c74object name="j.gain~" module="" category="Jamoma">
	<digest>
		Control level as well as dry/wet mix
	</digest>
	<!-- <description>
		Control level as well as dry/wet mix
	</description> -->
	<!--METADATA-->
	<metadatalist>
		<metadata name="author">
			Jamoma
		</metadata>
		<metadata name="tag">
			gain
		</metadata>
		<metadata name="tag">
			Jamoma
		</metadata>
	</metadatalist>
	<!--INLETS-->
	<!-- <inletlist>
		<inlet id="0" type="signal">
			<digest>
				raw audio (ch. 1), control messages
			</digest>
			<description>
				TEXT_HERE
			</description>
		</inlet>
		<inlet id="1" type="signal">
			<digest>
				wet audio (ch. 1)
			</digest>
			<description>
				TEXT_HERE
			</description>
		</inlet>
	</inletlist> -->
	<!--OUTLETS-->
	<!-- <outletlist> -->
		<!-- <outlet id="0" type="signal">
			<digest>
				processed audio (ch. 1)
			</digest>
			<description>
				TEXT_HERE
			</description>
		</outlet>
		<outlet id="1" type="signal">
			<digest>
				dumpout
			</digest>
			<description>
				TEXT_HERE
			</description>
		</outlet>
	</outletlist> -->
	<!--ARGUMENTS-->
	<objarglist>
		<objarg id="0" name="channels" type="int" optional="0">
			<digest>
				Number of audio channels
			</digest>
			<description>
				Number of audio channels
			</description>
		</objarg>
	</objarglist>
	<!--MESSAGES-->
	<methodlist>
		<method name="signal">
			<arglist />
			<digest>
				audio in
			</digest>
			<description>
				audio input
			</description>
		</method>
	</methodlist>
	<!--ATTRIBUTES-->
	<attributelist>
		<attribute name="bypass" get="1" set="1" type="int" size="1">
			<digest>
				TEXT_HERE
			</digest>
			<description>
				TEXT_HERE
			</description>
		</attribute>
		<attribute name="gain" get="1" set="1" type="float" size="1">
			<digest>
				TEXT_HERE
			</digest>
			<description>
				TEXT_HERE
			</description>
		</attribute>
		<attribute name="mix" get="1" set="1" type="float" size="1">
			<digest>
				TEXT_HERE
			</digest>
			<description>
				TEXT_HERE
			</description>
		</attribute>
	</attributelist>
	<!--EXAMPLE-->
	<examplelist>
		<example caption="" img="" />
	</examplelist>
	<!--SEEALSO-->
	<seealsolist>
		<seealso name="j.gain="/>
		<seealso name="gain~"/>
	</seealsolist>
</c74object>
