<?xml version="1.0" encoding="utf-8" standalone="yes"?>

<?xml-stylesheet href="./_c74_ref.xsl" type="text/xsl"?>

<!--Data marked TEXT_HERE, INLET_TYPE, OUTLET_TYPE, ARG_NAME and ARG_TYPE need to be filled in-->
<c74object name="j.hilbert=" module="" category="Jamoma">
	<digest>
		Perform a Hilbert Transform on a signal
	</digest>
	<description>
		Perform a Hilbert Transform on an Andio Graph signal
	</description>
	<!--METADATA-->
	<metadatalist>
		<metadata name="author">
			Jamoma
		</metadata>
		<metadata name="tag">
			hilbert
		</metadata>
		<metadata name="tag">
			Jamoma
		</metadata>
	</metadatalist>
	<!--INLETS-->
	<!-- <inletlist>
		<inlet id="0" type="INLET_TYPE">
			<digest>
				Multichannel input and control messages
			</digest>
			<description>
				TEXT_HERE
			</description>
		</inlet>
		<inlet id="1" type="INLET_TYPE">
			<digest>
				Multichannel input 2
			</digest>
			<description>
				TEXT_HERE
			</description>
		</inlet>
	</inletlist> -->
	<!--OUTLETS-->
	<!-- <outletlist>
		<outlet id="0" type="OUTLET_TYPE">
			<digest>
				Multichannel output 1
			</digest>
			<description>
				TEXT_HERE
			</description>
		</outlet>
		<outlet id="1" type="OUTLET_TYPE">
			<digest>
				Multichannel output 2
			</digest>
			<description>
				TEXT_HERE
			</description>
		</outlet>
		<outlet id="2" type="OUTLET_TYPE">
			<digest>
				dumpout
			</digest>
			<description>
				TEXT_HERE
			</description>
		</outlet>
	</outletlist> -->
	<!--ARGUMENTS-->
	<!-- <objarglist>
		<objarg id="0" name="OBJARG_NAME" type="OBJARG_TYPE" optional="0">
			<digest>
				TEXT_HERE
			</digest>
			<description>
				TEXT_HERE
			</description>
		</objarg>
	</objarglist> -->
	<!--MESSAGES-->
<methodlist>
		<!-- 	<method name="audio.connect">
			<arglist>
				<arg name="ARG_NAME_0" type="" optional="0" />
				<arg name="ARG_NAME_1" type="int" optional="0" />
			</arglist>
			<digest>
				TEXT_HERE
			</digest>
			<description>
				TEXT_HERE
			</description>
		</method>
 -->
		<!-- <method name="calculate">
	<arglist>
		<arg name="ARG_NAME_0" type="list" optional="0" />
	</arglist>
	<digest>
		TEXT_HERE
	</digest>
	<description>
		TEXT_HERE
	</description>
</method> -->
		<method name="clear">
			<arglist>
				<arg name="ARG_NAME_0" type="list" optional="0" />
			</arglist>
			<digest>
				TEXT_HERE
			</digest>
			<description>
				TEXT_HERE
			</description>
		</method>
		<!-- 		<method name="getProcessingBenchmark">
			<arglist>
				<arg name="ARG_NAME_0" type="list" optional="0" />
			</arglist>
			<digest>
				TEXT_HERE
			</digest>
			<description>
				TEXT_HERE
			</description>
		</method>
 -->
		<!-- 				<method name="graph.connect">
			<arglist>
				<arg name="ARG_NAME_0" type="" optional="0" />
				<arg name="ARG_NAME_1" type="int" optional="0" />
			</arglist>
			<digest>
				TEXT_HERE
			</digest>
			<description>
				TEXT_HERE
			</description>
		</method>
 -->
		<!-- 						<method name="resetBenchmarking">
			<arglist>
				<arg name="ARG_NAME_0" type="list" optional="0" />
			</arglist>
			<digest>
				TEXT_HERE
			</digest>
			<description>
				TEXT_HERE
			</description>
		</method>
 -->
		<!-- 								<method name="test">
			<arglist>
				<arg name="ARG_NAME_0" type="list" optional="0" />
			</arglist>
			<digest>
				TEXT_HERE
			</digest>
			<description>
				TEXT_HERE
			</description>
		</method>
 -->
	</methodlist> 
	<!--ATTRIBUTES-->
	<attributelist>
		<attribute name="bypass" get="1" set="1" type="int" size="1">
			<digest>
				TEXT_HERE
			</digest>
			<description>
				TEXT_HERE
			</description>
			<attributelist>
				<attribute name="style" get="1" set="1" type="symbol" size="1" value="onoff" />
			</attributelist>
		</attribute>
		<attribute name="mute" get="1" set="1" type="int" size="1">
			<digest>
				TEXT_HERE
			</digest>
			<description>
				TEXT_HERE
			</description>
			<attributelist>
				<attribute name="style" get="1" set="1" type="symbol" size="1" value="onoff" />
			</attributelist>
		</attribute>
		<attribute name="sampleRate" get="1" set="1" type="int" size="1">
			<digest>
				TEXT_HERE
			</digest>
			<description>
				TEXT_HERE
			</description>
		</attribute>
	</attributelist>
	<!--EXAMPLE-->
	<examplelist>
		<example caption="" img="" />
	</examplelist>
	<!--SEEALSO-->
	<seealsolist>
		<seealso name="j.array="/>
		<seealso name="hilbert~"/>
	</seealsolist>
</c74object>
