<?xml version="1.0" encoding="utf-8" standalone="yes"?>

<?xml-stylesheet href="./_c74_ref.xsl" type="text/xsl"?>

<!--Data marked TEXT_HERE, INLET_TYPE, OUTLET_TYPE, ARG_NAME and ARG_TYPE need to be filled in-->
<c74object name="j.hmlshelf~" module="" category="Jamoma">
	<digest>
		High mid low shelf-filter
	</digest>
	<description>
		j.hmlshelf~ implemants a high mid low shelf-filter using one biquad filter
	</description>
	<!--METADATA-->
	<metadatalist>
		<metadata name="author">
			Jamoma
		</metadata>
		<metadata name="tag">
			filter
		</metadata>
		<metadata name="tag">
			Jamoma
		</metadata>
	</metadatalist>
	<!--INLETS-->
	<!-- <inletlist>
		<inlet id="0" type="INLET_TYPE">
			<digest>
				signal input, control messages
			</digest>
			<description>
				TEXT_HERE
			</description>
		</inlet>
		<inlet id="1" type="INLET_TYPE">
			<digest>
				signal input
			</digest>
			<description>
				TEXT_HERE
			</description>
		</inlet>
	</inletlist> -->
	<!--OUTLETS-->
	<!-- <outletlist>
		<outlet id="0" type="OUTLET_TYPE">
			<digest>
				signal output
			</digest>
			<description>
				TEXT_HERE
			</description>
		</outlet>
		<outlet id="1" type="OUTLET_TYPE">
			<digest>
				signal output
			</digest>
			<description>
				TEXT_HERE
			</description>
		</outlet>
		<outlet id="2" type="OUTLET_TYPE">
			<digest>
				dumpout
			</digest>
			<description>
				TEXT_HERE
			</description>
		</outlet>
	</outletlist> -->
	<!--ARGUMENTS-->
	<objarglist>
		<objarg id="0" name="channels" type="OBJARG_TYPE" optional="0">
			<digest>
				Number of channels
			</digest>
			<description>
				<!-- TEXT_HERE -->
			</description>
		</objarg>
	</objarglist>
	<!--MESSAGES-->
	<methodlist>
		<!-- <method name="calculate">
	<arglist>
		<arg name="ARG_NAME_0" type="list" optional="0" />
	</arglist>
	<digest>
		TEXT_HERE
	</digest>
	<description>
		TEXT_HERE
	</description>
</method> -->
		<method name="clear">
			<arglist>
				<arg name="ARG_NAME_0" type="list" optional="0" />
			</arglist>
			<digest>
				Clear the filter in case it exploded
			</digest>
			<description>
				<!-- TEXT_HERE -->
			</description>
		</method>
		<!-- <method name="getProcessingBenchmark">
			<arglist>
				<arg name="ARG_NAME_0" type="list" optional="0" />
			</arglist>
			<digest>
				TEXT_HERE
			</digest>
			<description>
				TEXT_HERE
			</description>
		</method>
 -->
		<!-- 						<method name="resetBenchmarking">
			<arglist>
				<arg name="ARG_NAME_0" type="list" optional="0" />
			</arglist>
			<digest>
				TEXT_HERE
			</digest>
			<description>
				TEXT_HERE
			</description>
		</method>
 -->
		<!-- 								<method name="test">
			<arglist>
				<arg name="ARG_NAME_0" type="list" optional="0" />
			</arglist>
			<digest>
				TEXT_HERE
			</digest>
			<description>
				TEXT_HERE
			</description>
		</method>
 -->
		<method name="signal">
			<arglist />
			<digest>
				Audio input
			</digest>
			<description>
				<!-- TEXT_HERE -->
			</description>
		</method>
	</methodlist>
	<!--ATTRIBUTES-->
	<attributelist>
		<attribute name="bypass" get="1" set="1" type="int" size="1">
			<digest>
				TEXT_HERE
			</digest>
			<description>
				TEXT_HERE
			</description>
			<attributelist>
				<attribute name="style" get="1" set="1" type="symbol" size="1" value="onoff" />
			</attributelist>
		</attribute>
		<attribute name="frequencyLm" get="1" set="1" type="float" size="1">
			<digest>
				Crossover frequency
			</digest>
			<description>
				Crossover frequency
			</description>
		</attribute>
		<attribute name="frequencyMh" get="1" set="1" type="float" size="1">
			<digest>
				Crossover frequency
			</digest>
			<description>
				Crossover frequency
			</description>
		</attribute>
		<attribute name="gainH" get="1" set="1" type="float" size="1">
			<digest>
				High band gain
			</digest>
			<description>
				High band gain
			</description>
		</attribute>
		<attribute name="gainL" get="1" set="1" type="float" size="1">
			<digest>
				Low band gain
			</digest>
			<description>
				Low band gain
			</description>
		</attribute>
		<attribute name="gainM" get="1" set="1" type="float" size="1">
			<digest>
				Mid band gain
			</digest>
			<description>
				Mid band gain
			</description>
		</attribute>
		<attribute name="mute" get="1" set="1" type="int" size="1">
			<digest>
				Mute audio input
			</digest>
			<description>
				Mute audio input
			</description>
			<attributelist>
				<attribute name="style" get="1" set="1" type="symbol" size="1" value="onoff" />
			</attributelist>
		</attribute>
		<attribute name="sampleRate" get="1" set="1" type="int" size="1">
			<digest>
				TEXT_HERE
			</digest>
			<description>
				TEXT_HERE
			</description>
		</attribute>
	</attributelist>
	<!--EXAMPLE-->
	<examplelist>
		<example caption="" img="" />
	</examplelist>
	<!--SEEALSO-->
	<seealsolist>
		<seealsolist name="j.filter~"/>
		<seealso name="cascade~"/>
	</seealsolist>
</c74object>
