<?xml version="1.0" encoding="utf-8" standalone="yes"?>

<?xml-stylesheet href="./_c74_ref.xsl" type="text/xsl"?>

<!--Data marked TEXT_HERE, INLET_TYPE, OUTLET_TYPE, ARG_NAME and ARG_TYPE need to be filled in-->
<c74object name="j.init" module="" category="Jamoma">
	<digest>
		loadbang for Jamoma models
	</digest>
	<description>
		Utility for initialization of models
	</description>
	<!--METADATA-->
	<metadatalist>
		<metadata name="author">
			Jamoma
		</metadata>
		<metadata name="tag">
			loadbang
		</metadata>
		<metadata name="tag">
			Jamoma
		</metadata>
	</metadatalist>
	<!--INLETS-->
	<!-- <inletlist>
		<inlet id="0" type="INLET_TYPE">
			<digest>
			</digest>
			<description>
				TEXT_HERE
			</description>
		</inlet>
		<inlet id="1" type="INLET_TYPE">
			<digest>
			</digest>
			<description>
				TEXT_HERE
			</description>
		</inlet>
	</inletlist> -->
	<!--OUTLETS-->
	<outletlist>
		<outlet id="0" type="bang">
			<digest>
				bang when initialization starts
			</digest>
			<description>
				TEXT_HERE
			</description>
		</outlet>
		<outlet id="1" type="bang">
			<digest>
				bang when initialization is done
			</digest>
			<description>
				TEXT_HERE
			</description>
		</outlet>
	</outletlist>
	<!--ARGUMENTS-->
	<objarglist>
		<objarg id="0" name="model address" type="symbol" optional="1">
			<digest>
				Address of the model to listen for initialization state
			</digest>
			<description>
				Address of the model to listen for initialization state
			</description>
		</objarg>
	</objarglist>
	<!--MESSAGES-->
	<!--ATTRIBUTES-->
	<!--EXAMPLE-->
	<examplelist>
		<example caption="" img="" />
	</examplelist>
	<!--SEEALSO-->
	<seealsolist>
		<seealso name="j.initialized"/>
		<seealso name="j.model"/>
		<seealso name="loadbang"/>
	</seealsolist>
</c74object>
