<?xml version="1.0" encoding="utf-8" standalone="yes"?>

<?xml-stylesheet href="./_c74_ref.xsl" type="text/xsl"?>

<!--Data marked TEXT_HERE, INLET_TYPE, OUTLET_TYPE, ARG_NAME and ARG_TYPE need to be filled in-->
<c74object name="j.info=" module="" category="Jamoma">
	<digest>
		Multichannel signals inspector
	</digest>
	<description>
		Get information about multichannel signals
	</description>
	<!--METADATA-->
	<metadatalist>
		<metadata name="author">
			Jamoma
		</metadata>
		<metadata name="tag">
			multichannel
		</metadata>
		<metadata name="tag">
			Jamoma
		</metadata>
	</metadatalist>
	<!--INLETS-->
	<!-- <inletlist>
		<inlet id="0" type="INLET_TYPE">
			<digest>
				Multichannel audio connection and control messages
			</digest>
			<description>
				TEXT_HERE
			</description>
		</inlet>
		<inlet id="1" type="INLET_TYPE">
			<digest>
				Multichannel audio connection and control messages
			</digest>
			<description>
				TEXT_HERE
			</description>
		</inlet>
	</inletlist> -->
	<!--OUTLETS-->
	<outletlist>
		<outlet id="0" type="OUTLET_TYPE">
			<digest>
				Multichannel audio connection, passing the input thru to the output
			</digest>
			<description>
				Multichannel audio connection, passing the input thru to the output
			</description>
		</outlet>
		<outlet id="1" type="int">
			<digest>
				Sample rate of the input signal
			</digest>
			<description>
				Sample rate of the input signal
			</description>
		</outlet>
		<outlet id="2" type="int">
			<digest>
				Vector size of the input signal
			</digest>
			<description>
				Vector size of the input signal
			</description>
		</outlet>
		<outlet id="3" type="int">
			<digest>
				Number of channels in the input signal
			</digest>
			<description>
				Number of channels in the input signal
			</description>
		</outlet>
		<outlet id="4" type="any">
			<digest>
				Dumpout
			</digest>
			<description>
				Dumpout
			</description>
		</outlet>
	</outletlist>
	<!--ARGUMENTS-->
	<!-- <objarglist>
		<objarg id="0" name="OBJARG_NAME" type="OBJARG_TYPE" optional="0">
			<digest>
				TEXT_HERE
			</digest>
			<description>
				TEXT_HERE
			</description>
		</objarg>
	</objarglist> -->
	<!--MESSAGES-->
	<methodlist>
		<method name="bang">
			<arglist />
			<digest>
				Sends multichannel information to outlets
			</digest>
			<description>
				Sends multichannel information to outlets
			</description>
		</method>
		<!--  	<method name="audio.connect">
			<arglist>
				<arg name="ARG_NAME_0" type="" optional="0" />
				<arg name="ARG_NAME_1" type="int" optional="0" />
			</arglist>
			<digest>
				TEXT_HERE
			</digest>
			<description>
				TEXT_HERE
			</description>
		</method>
 -->
	</methodlist>
	<!--ATTRIBUTES-->
	<!--EXAMPLE-->
	<examplelist>
		<example caption="" img="" />
	</examplelist>
	<!--SEEALSO-->
	<seealsolist>
		<seealso name="j.pack="/>
		<seealso name="j.unpack="/>
		<seealso name="j.array="/>
	</seealsolist>
</c74object>
