<?xml version="1.0" encoding="utf-8" standalone="yes"?>

<?xml-stylesheet href="./_c74_ref.xsl" type="text/xsl"?>

<!--Data marked TEXT_HERE, INLET_TYPE, OUTLET_TYPE, ARG_NAME and ARG_TYPE need to be filled in-->
<c74object name="j.in" module="" category="Jamoma">
	<digest>
		Jamoma model input
	</digest>
	<description>
		j.in is an input conduits for control signals in a jamoma model (most often these are Jitter matrices), much like j.in~ is for audio signals
	</description>
	<!--METADATA-->
	<metadatalist>
		<metadata name="author">
			Jamoma
		</metadata>
		<metadata name="tag">
			model
		</metadata>
		<metadata name="tag">
			Jamoma
		</metadata>
	</metadatalist>
	<!--INLETS-->
	<!-- <inletlist>
		<inlet id="0" type="signal">
			<digest>
				input of the model
			</digest>
			<description>
				TEXT_HERE
			</description>
		</inlet>
		<inlet id="1" type="signal">
			<digest>
				input of the model
			</digest>
			<description>
				TEXT_HERE
			</description>
		</inlet>
	</inletlist> -->
	<!--OUTLETS-->
	<!-- <outletlist>
		<outlet id="0" type="signal">
			<digest>
				connect to the algorithm
			</digest>
			<description>
				TEXT_HERE
			</description>
		</outlet>
		<outlet id="1" type="signal">
			<digest>
				dumpout
			</digest>
			<description>
				TEXT_HERE
			</description>
		</outlet>
	</outletlist> -->
	<!--ARGUMENTS-->
	<objarglist>
		<objarg id="0" name="instance name" type="string|integer" optional="0">
			<digest>
				Name to subscribe input in Jamoma namespace
			</digest>
			<description>
				Name to subscribe input in Jamoma namespace
			</description>
		</objarg>
	</objarglist>
	<!--MESSAGES-->
	<methodlist>
		<!-- <method name="bang">
			<arglist />
			<digest>
				TEXT_HERE
			</digest>
			<description>
				TEXT_HERE
			</description>
		</method> -->
		<method name="int">
			<arglist>
				<arg name="ARG_NAME_0" type="int" optional="0" />
			</arglist>
			<digest>
				Integer input
			</digest>
			<description>
				Integer input
			</description>
		</method>
		<method name="float">
			<arglist>
				<arg name="ARG_NAME_0" type="float" optional="0" />
			</arglist>
			<digest>
				Float input
			</digest>
			<description>
				Float input
			</description>
		</method>
		<method name="list">
			<arglist>
				<arg name="ARG_NAME_0" type="list" optional="0" />
			</arglist>
			<digest>
				List input
			</digest>
			<description>
				List input
			</description>
		</method>
		<method name="anything">
			<arglist>
				<arg name="ARG_NAME_0" type="list" optional="0" />
			</arglist>
			<digest>
				<!-- TEXT_HERE -->
			</digest>
			<description>
				<!-- TEXT_HERE -->
			</description>
		</method>
		<method name="dump">
			<arglist>
				<arg name="ARG_NAME_0" type="list" optional="0" />
			</arglist>
			<digest>
				<!-- TEXT_HERE -->
			</digest>
			<description>
				<!-- TEXT_HERE -->
			</description>
		</method>
	</methodlist>
	<!--ATTRIBUTES-->
	<attributelist>
		<attribute name="bypass" get="1" set="1" type="int" size="1">
			<digest>
				TEXT_HERE
			</digest>
			<description>
				TEXT_HERE
			</description>
			<attributelist>
				<attribute name="style" get="1" set="1" type="symbol" size="1" value="onoff" />
			</attributelist>
		</attribute>
		<attribute name="mute" get="1" set="1" type="int" size="1">
			<digest>
				TEXT_HERE
			</digest>
			<description>
				TEXT_HERE
			</description>
			<attributelist>
				<attribute name="style" get="1" set="1" type="symbol" size="1" value="onoff" />
			</attributelist>
		</attribute>
		<attribute name="output/address" get="1" set="1" type="symbol" size="1">
			<digest>
				j.out address in the namespace to send data to when bypassing the model
			</digest>
			<description>
				j.out address in the namespace to send data to when bypassing the model
			</description>
		</attribute>
		<!-- <attribute name="type" get="1" set="0" type="symbol" size="1">
			<digest>
				Data type
			</digest>
			<description>
				Data type
			</description>
		</attribute> -->
	</attributelist>
	<!--EXAMPLE-->
	<examplelist>
		<example caption="" img="" />
	</examplelist>
	<!--SEEALSO-->
	<seealsolist>
		<seealso name="j.out"/>
		<seealso name="j.in~"/>
		<seealso name="j.model"/>
	</seealsolist>
</c74object>
