<?xml version="1.0" encoding="utf-8" standalone="yes"?>

<?xml-stylesheet href="./_c74_ref.xsl" type="text/xsl"?>

<!--Data marked TEXT_HERE, INLET_TYPE, OUTLET_TYPE, ARG_NAME and ARG_TYPE need to be filled in-->
<c74object name="j.limiter~" module="" category="Jamoma">
	<digest>
		Look-ahead limiter with built-in DC blocking and overdrive
	</digest>
	<description>
	Look-ahead limiter with built-in DC blocking and overdrive
		</description>
		<!--METADATA-->
	<metadatalist>
		<metadata name="author">
			Jamoma
		</metadata>
		<metadata name="tag">
			audio
		</metadata>
		<metadata name="tag">
			Jamoma
		</metadata>
	</metadatalist>
	<!--INLETS-->
	<inletlist>
		<inlet id="0" type="INLET_TYPE">
			<digest>
				Signal input, control messages
			</digest>
			<description>
				Signal input, control messages
			</description>
		</inlet>
		<inlet id="1" type="INLET_TYPE">
			<digest>
				signal input
			</digest>
			<description>
				TEXT_HERE
			</description>
		</inlet>
	</inletlist>
	<!--OUTLETS-->
	<outletlist>
		<outlet id="0" type="OUTLET_TYPE">
			<digest>
				signal output
			</digest>
			<description>
				TEXT_HERE
			</description>
		</outlet>
		<outlet id="1" type="OUTLET_TYPE">
			<digest>
				signal output
			</digest>
			<description>
				TEXT_HERE
			</description>
		</outlet>
		<outlet id="2" type="OUTLET_TYPE">
			<digest>
				dumpout
			</digest>
			<description>
				TEXT_HERE
			</description>
		</outlet>
	</outletlist>
	<!--ARGUMENTS-->
	<objarglist>
		<objarg id="0" name="OBJARG_NAME" type="OBJARG_TYPE" optional="0">
			<digest>
				TEXT_HERE
			</digest>
			<description>
				TEXT_HERE
			</description>
		</objarg>
	</objarglist>
	<!--MESSAGES-->
	<methodlist>
		<!--  <method name="calculate">
	<arglist>
		<arg name="ARG_NAME_0" type="list" optional="0" />
	</arglist>
	<digest>
		TEXT_HERE
	</digest>
	<description>
		TEXT_HERE
	</description>
</method> --> -->
		<method name="clear">
			<arglist>
				<arg name="ARG_NAME_0" type="list" optional="0" />
			</arglist>
			<digest>
				Reset the history internally kept by the object
			</digest>
			<description>
				Reset the history internally kept by the object
			</description>
		</method>
		<!--  		<method name="getProcessingBenchmark">
			<arglist>
				<arg name="ARG_NAME_0" type="list" optional="0" />
			</arglist>
			<digest>
				TEXT_HERE
			</digest>
			<description>
				TEXT_HERE
			</description>
		</method>
 -->
		<!-- 						<method name="resetBenchmarking">
			<arglist>
				<arg name="ARG_NAME_0" type="list" optional="0" />
			</arglist>
			<digest>
				TEXT_HERE
			</digest>
			<description>
				TEXT_HERE
			</description>
		</method>
 -->
		<!-- 								<method name="test">
			<arglist>
				<arg name="ARG_NAME_0" type="list" optional="0" />
			</arglist>
			<digest>
				TEXT_HERE
			</digest>
			<description>
				TEXT_HERE
			</description>
		</method>
 --> -->
		<method name="signal">
			<arglist />
			<digest>
				Audio in
			</digest>
			<description>
				Audio in
			</description>
		</method>
	</methodlist>
	<!--ATTRIBUTES-->
	<attributelist>
		<attribute name="bypass" get="1" set="1" type="int" size="1">
			<digest>
				TEXT_HERE
			</digest>
			<description>
				TEXT_HERE
			</description>
			<attributelist>
				<attribute name="style" get="1" set="1" type="symbol" size="1" value="onoff" />
			</attributelist>
		</attribute>
		<attribute name="dcBlocker" get="1" set="1" type="int" size="1">
			<digest>
				Enable dc blocker
			</digest>
			<description>
				Enable dc blocker
			</description>
			<attributelist>
				<attribute name="style" get="1" set="1" type="symbol" size="1" value="onoff" />
			</attributelist>
		</attribute>
		<attribute name="lookahead" get="1" set="1" type="int" size="1">
			<digest>
				Number of samples to look ahead
			</digest>
			<description>
				Number of samples to look ahead
			</description>
		</attribute>
		<attribute name="mode" get="1" set="1" type="symbol" size="1">
			<digest>
				Set the function to be used for calculating the scaling.
			</digest>
			<description>
				Set the function to be used for calculating the scaling.
			</description>
		</attribute>
		<attribute name="mute" get="1" set="1" type="int" size="1">
			<digest>
				TEXT_HERE
			</digest>
			<description>
				TEXT_HERE
			</description>
			<attributelist>
				<attribute name="style" get="1" set="1" type="symbol" size="1" value="onoff" />
			</attributelist>
		</attribute>
		<attribute name="postamp" get="1" set="1" type="float" size="1">
			<digest>
				Gain control (in dB) applied after the limiting process is complete
			</digest>
			<description>
				Gain control (in dB) applied after the limiting process is complete
			</description>
		</attribute>
		<attribute name="preamp" get="1" set="1" type="float" size="1">
			<digest>
				Gain control (in dB) applied prior to the signal being limited
			</digest>
			<description>
				Gain control (in dB) applied prior to the signal being limited
			</description>
		</attribute>
		<attribute name="release" get="1" set="1" type="float" size="1">
			<digest>
				Release time in ms
			</digest>
			<description>
				Release time in ms
			</description>
		</attribute>
		<attribute name="sampleRate" get="1" set="1" type="int" size="1">
			<digest>
				Sample rate
			</digest>
			<description>
				Sample rate
			</description>
		</attribute>
		<attribute name="threshold" get="1" set="1" type="float" size="1">
			<digest>
				Threshold value in dB
			</digest>
			<description>
				Threshold value in dB
			</description>
		</attribute>
	</attributelist>
	<!--EXAMPLE-->
	<examplelist>
		<example caption="" img="" />
	</examplelist>
	<!--SEEALSO-->
	<seealsolist>
		<seealso name="j.limiter="/>
		<seealso name="omx.comp~"/>
	</seealsolist>
</c74object>
