<?xml version="1.0" encoding="utf-8" standalone="yes"?>

<?xml-stylesheet href="./_c74_ref.xsl" type="text/xsl"?>

<!--Data marked TEXT_HERE, INLET_TYPE, OUTLET_TYPE, ARG_NAME and ARG_TYPE need to be filled in-->
<c74object name="j.map" module="" category="Jamoma">
	<digest>
		Scaling and mapping input to output using the Jamoma function library
	</digest>
	<description>
		Scaling and mapping input to output using the Jamoma function library
	</description>
	<!--METADATA-->
	<metadatalist>
		<metadata name="author">
			Jamoma
		</metadata>
		<metadata name="tag">
			scale
		</metadata>
		<metadata name="tag">
			Jamoma
		</metadata>
	</metadatalist>
	<!--INLETS-->
	<inletlist>
		<inlet id="0" type="INLET_TYPE">
			<digest>
			</digest>
			<description>
				Input value
			</description>
		</inlet>
		<inlet id="1" type="INLET_TYPE">
			<digest>
			</digest>
			<description>
				Input value
			</description>
		</inlet>
	</inletlist>
	<!--OUTLETS-->
	<outletlist>
		<outlet id="0" type="OUTLET_TYPE">
			<digest>
				Mapping output
			</digest>
			<description>
				Mapping output
			</description>
		</outlet>
		<outlet id="1" type="OUTLET_TYPE">
			<digest>
				Dumpout
			</digest>
			<description>
				Dumpout
			</description>
		</outlet>
	</outletlist>
	<!--ARGUMENTS-->
	<!-- <objarglist>
		<objarg id="0" name="OBJARG_NAME" type="OBJARG_TYPE" optional="0">
			<digest>
				TEXT_HERE
			</digest>
			<description>
				TEXT_HERE
			</description>
		</objarg>
	</objarglist> -->
	<!--MESSAGES-->
	<methodlist>
		<method name="int">
			<arglist>
				<arg name="input value" type="int" optional="0" />
			</arglist>
			<digest>
				Value to be mapped
			</digest>
			<description>
				Value to be mapped
			</description>
		</method>
		<method name="float">
			<arglist>
				<arg name="input value" type="float" optional="0" />
			</arglist>
			<digest>
				Value to be mapped
			</digest>
			<description>
				Value to be mapped
			</description>
		</method>
		<method name="list">
			<arglist>
				<arg name="input value" type="list" optional="0" />
			</arglist>
			<digest>
				Values to be mapped
			</digest>
			<description>
				Values to be mapped
			</description>
		</method>
		<method name="anything">
			<arglist>
				<arg name="input value" type="list" optional="0" />
			</arglist>
			<digest>
				Value to be mapped			
				</digest>
			<description>
				Value to be mapped			
				</description>
		</method>
		<method name="dump">
			<arglist>
				<arg name="Dump" type="list" optional="0" />
			</arglist>
			<digest>
				Dump j.map's current state
			</digest>
			<description>
				Dump j.map's current state
			</description>
		</method>
		<method name="reset">
			<arglist />
			<digest>
				Reset j.map to initial arguments and attributes
			</digest>
			<description>
				Reset j.map to initial arguments and attributes
			</description>
		</method>
	</methodlist>
	<!--ATTRIBUTES-->
	<attributelist>
		<attribute name="active" get="1" set="1" type="int" size="1">
			<digest>
				Enable j.map
			</digest>
			<description>
				Enable j.map mapping
			</description>
			<attributelist>
				<attribute name="style" get="1" set="1" type="symbol" size="1" value="onoff" />
			</attributelist>
		</attribute>
		<attribute name="clipmode" get="1" set="1" type="int" size="1">
			<digest>
				Clipmode for values exceeding the specified range
			</digest>
			<description>
				How to deal with values outside the specified range
			</description>
			<attributelist>
				<attribute name="style" get="1" set="1" type="symbol" size="1" value="none low high both" />
			</attributelist>
		</attribute>
		<attribute name="function" get="1" set="1" type="symbol" size="1">
			<digest>
				Set the transfert function to be used for mapping
			</digest>
			<description>
				Set the transfert function to be used for mapping
			</description>
		</attribute>
		<attribute name="function/library" get="1" set="1" type="atom" size="1">
			<digest>
				Output all available functions
			</digest>
			<description>
				Output all available functions
			</description>
		</attribute>
		<attribute name="function/parameters" get="1" set="1" type="atom" size="1">
			<digest>
				Output the parametersfor the current defined function
			</digest>
			<description>
				Output the parametersfor the current defined function
			</description>
		</attribute>
		<attribute name="function/samples" get="1" set="1" type="atom" size="1">
			<digest>
				Output a list of value as a reference for the defined function
			</digest>
			<description>
				Output a list of value as a reference for the defined function
			</description>
		</attribute>
		<attribute name="input" get="1" set="1" type="symbol" size="1">
			<digest>
				Address of a j.parameter or j.return to listen to
			</digest>
			<description>
				Address of a j.parameter or j.return to be used for mapping to another j.parameter or j.message
			</description>
		</attribute>
		<attribute name="input/index" get="1" set="1" type="symbol" size="1">
			<digest>
				Pick an item from source parameter
			</digest>
			<description>
				Pick an item from source parameter, if it is of type array (default 0 = all)
			</description>
		</attribute>
		<attribute name="input/max" get="1" set="1" type="float" size="1">
			<digest>
				Maximum input value
			</digest>
			<description>
				Maximum input value
			</description>
		</attribute>
		<attribute name="input/min" get="1" set="1" type="float" size="1">
			<digest>
				Minimum input value
			</digest>
			<description>
				Minimum input value
			</description>
		</attribute>
		<attribute name="inverse" get="1" set="1" type="int" size="1">
			<digest>
				Switch minimum and maximum values
			</digest>
			<description>
				Switch minimum and maximum values
			</description>
			<attributelist>
				<attribute name="style" get="1" set="1" type="symbol" size="1" value="onoff" />
			</attributelist>
		</attribute>
		<attribute name="output" get="1" set="1" type="symbol" size="1">
			<digest>
				Address of a j.parameter or j.message to send the value to
			</digest>
			<description>
				Address of a j.parameter or j.message to be used as the destination of the mapping
				
			</description>
		</attribute>
		<attribute name="output/max" get="1" set="1" type="float" size="1">
			<digest>
				Maximum output value
			</digest>
			<description>
				Maximum output value
			</description>
		</attribute>
		<attribute name="output/min" get="1" set="1" type="float" size="1">
			<digest>
				Minimum output value
			</digest>
			<description>
				Minimum output value
			</description>
		</attribute>
		<attribute name="ramp" get="1" set="1" type="int" size="1">
			<digest>
				Smoothing function
			</digest>
			<description>
				Smoothing function
			</description>
		</attribute>
	</attributelist>
	<!--EXAMPLE-->
	<examplelist>
		<example caption="" img="" />
	</examplelist>
	<!--SEEALSO-->
	<seealsolist>
		<seealso name="j.function"/>
		<seealso name="j.ramp"/>
		<seealso name="ezmap"/>
		<seealso name="scale"/>
	</seealsolist>
</c74object>
