<?xml version="1.0" encoding="utf-8" standalone="yes"?>

<?xml-stylesheet href="./_c74_ref.xsl" type="text/xsl"?>

<!--Data marked TEXT_HERE, INLET_TYPE, OUTLET_TYPE, ARG_NAME and ARG_TYPE need to be filled in-->
<c74object name="j.panorama~" module="" category="Jamoma">
	<digest>
		A swiss-army panpot
	</digest>
	<description>
		TEXT_HERE
	</description>
	<!--METADATA-->
	<metadatalist>
		<metadata name="author">
			Jamoma
		</metadata>
		<metadata name="tag">
			Jamoma
		</metadata>
	</metadatalist>
	<!--INLETS-->
	<inletlist>
		<inlet id="0" type="INLET_TYPE">
			<digest>
				Signal input, control messages
			</digest>
			<description>
				TEXT_HERE
			</description>
		</inlet>
		<inlet id="1" type="INLET_TYPE">
			<digest>
				Signal input
			</digest>
			<description>
				TEXT_HERE
			</description>
		</inlet>
	</inletlist>
	<!--OUTLETS-->
	<outletlist>
		<outlet id="0" type="OUTLET_TYPE">
			<digest>
				Signal output
			</digest>
			<description>
				TEXT_HERE
			</description>
		</outlet>
		<outlet id="1" type="OUTLET_TYPE">
			<digest>
				Signal output
			</digest>
			<description>
				TEXT_HERE
			</description>
		</outlet>
		<outlet id="2" type="OUTLET_TYPE">
			<digest>
				dumpout
			</digest>
			<description>
				TEXT_HERE
			</description>
		</outlet>
	</outletlist>
	<!--ARGUMENTS-->
	<objarglist>
		<objarg id="0" name="Channels" type="int" optional="0">
			<digest>
				Number of inputs
			</digest>
			<description>
				TEXT_HERE
			</description>
		</objarg>
	</objarglist>
	<!--MESSAGES-->
	<methodlist>
		<!-- <method name="calculate">
	<arglist>
		<arg name="ARG_NAME_0" type="list" optional="0" />
	</arglist>
	<digest>
		TEXT_HERE
	</digest>
	<description>
		TEXT_HERE
	</description>
</method> -->
		<!-- 		<method name="getProcessingBenchmark">
			<arglist>
				<arg name="ARG_NAME_0" type="list" optional="0" />
			</arglist>
			<digest>
				TEXT_HERE
			</digest>
			<description>
				TEXT_HERE
			</description>
		</method>
 -->
		<!-- 						<method name="resetBenchmarking">
			<arglist>
				<arg name="ARG_NAME_0" type="list" optional="0" />
			</arglist>
			<digest>
				TEXT_HERE
			</digest>
			<description>
				TEXT_HERE
			</description>
		</method>
 -->
		<!-- 								<method name="test">
			<arglist>
				<arg name="ARG_NAME_0" type="list" optional="0" />
			</arglist>
			<digest>
				TEXT_HERE
			</digest>
			<description>
				TEXT_HERE
			</description>
		</method>
 -->
		<method name="signal">
			<arglist />
			<digest>
				TEXT_HERE
			</digest>
			<description>
				TEXT_HERE
			</description>
		</method>
	</methodlist>
	<!--ATTRIBUTES-->
	<attributelist>
		<attribute name="bypass" get="1" set="1" type="int" size="1">
			<digest>
				TEXT_HERE
			</digest>
			<description>
				TEXT_HERE
			</description>
			<attributelist>
				<attribute name="style" get="1" set="1" type="symbol" size="1" value="onoff" />
			</attributelist>
		</attribute>
		<attribute name="mode" get="1" set="1" type="symbol" size="1">
			<digest>
				Set whether j.panorama~ uses an internal lookup table or compute the shape on the fly
			</digest>
			<description>
				TEXT_HERE
			</description>
			<attributelist>
				<attribute name="enumvals" get="1" set="1" type="atom" size="2">
					<enumlist>
						<enum name="calculate">
							<digest>
								Calculate the panoramic on the fly
							</digest>
							<description>
								Calculate the panoramic on the fly
							</description>
						</enum>
						<enum name="lookup">
							<digest>
								Use an internal lookup table
							</digest>
							<description>
								TEXT_HERE
							</description>
						</enum>
					</enumlist>
				</attribute>
				<attribute name="style" get="1" set="1" type="symbol" size="1" value="enum" />
			</attributelist>
		</attribute>
		<attribute name="mute" get="1" set="1" type="int" size="1">
			<digest>
				TEXT_HERE
			</digest>
			<description>
				TEXT_HERE
			</description>
			<attributelist>
				<attribute name="style" get="1" set="1" type="symbol" size="1" value="onoff" />
			</attributelist>
		</attribute>
		<attribute name="position" get="1" set="1" type="float" size="1">
			<digest>
				Set the source position in the stereo field
			</digest>
			<description>
				Set the source position in the stereo field
			</description>
		</attribute>
		<attribute name="sampleRate" get="1" set="1" type="int" size="1">
			<digest>
				TEXT_HERE
			</digest>
			<description>
				TEXT_HERE
			</description>
		</attribute>
		<attribute name="shape" get="1" set="1" type="symbol" size="1">
			<digest>
				Curve of the panorama spread
			</digest>
			<description>
				TEXT_HERE
			</description>
			<attributelist>
				<attribute name="enumvals" get="1" set="1" type="atom" size="3">
					<enumlist>
						<enum name="equalPower">
							<digest>
								TEXT_HERE
							</digest>
							<description>
								TEXT_HERE
							</description>
						</enum>
						<enum name="linear">
							<digest>
								TEXT_HERE
							</digest>
							<description>
								TEXT_HERE
							</description>
						</enum>
						<enum name="squareRoot">
							<digest>
								TEXT_HERE
							</digest>
							<description>
								TEXT_HERE
							</description>
						</enum>
					</enumlist>
				</attribute>
				<attribute name="style" get="1" set="1" type="symbol" size="1" value="enum" />
			</attributelist>
		</attribute>
	</attributelist>
	<!--EXAMPLE-->
	<examplelist>
		<example caption="" img="" />
	</examplelist>
	<!--SEEALSO-->
	<seealsolist>
		<seealso name="j.array~"/>
		<seealso name="j.dbap"/>
		<seealso name="M4L.bal2~"/>
	</seealsolist>
</c74object>
