<?xml version="1.0" encoding="utf-8" standalone="yes"?>

<?xml-stylesheet href="./_c74_ref.xsl" type="text/xsl"?>

<!--Data marked TEXT_HERE, INLET_TYPE, OUTLET_TYPE, ARG_NAME and ARG_TYPE need to be filled in-->
<c74object name="j.parameter~" module="" category="Jamoma">
	<digest>
		Declaring audio parameter of a patcher
	</digest>
	<description>
		j.parameter allows to declare a parameter at audio rate within a patch or a model
	</description>
	<!--METADATA-->
	<metadatalist>
		<metadata name="author">
			Jamoma
		</metadata>
		<metadata name="tag">
			model
		</metadata>
		<metadata name="tag">
			mvc
		</metadata>
		<metadata name="tag">
			Jamoma
		</metadata>
	</metadatalist>
	<!--INLETS-->
	<inletlist>
		<inlet id="0" type="INLET_TYPE">
			<digest>
				Input value
			</digest>
			<description>
				Input value
			</description>
		</inlet>
	</inletlist>
	<!--OUTLETS-->
	<outletlist>
		<outlet id="0" type="OUTLET_TYPE">
			<digest>
				Value output
			</digest>
			<description>
				Value output
			</description>
		</outlet>
	</outletlist>
	<!--ARGUMENTS-->
	<objarglist>
		<objarg id="0" name="OBJARG_NAME" type="OBJARG_TYPE" optional="0">
			<digest>
				Node name
			</digest>
			<description>
				Node name
			</description>
		</objarg>
	</objarglist>
	<!--MESSAGES-->
	<methodlist>
		<method name="bang">
			<arglist />
			<digest>
				<!-- TEXT_HERE -->
			</digest>
			<description>
				<!-- TEXT_HERE -->
			</description>
		</method>
		<method name="int">
			<arglist>
				<arg name="ARG_NAME_0" type="int" optional="0" />
			</arglist>
			<digest>
				<!-- TEXT_HERE -->
			</digest>
			<description>
				<!-- TEXT_HERE -->
			</description>
		</method>
		<method name="float">
			<arglist>
				<arg name="ARG_NAME_0" type="float" optional="0" />
			</arglist>
			<digest>
				<!-- TEXT_HERE -->
			</digest>
			<description>
				<!-- TEXT_HERE -->
			</description>
		</method>
		<method name="list">
			<arglist>
				<arg name="ARG_NAME_0" type="list" optional="0" />
			</arglist>
			<digest>
				<!-- TEXT_HERE -->
			</digest>
			<description>
				<!-- TEXT_HERE -->
			</description>
		</method>
		<method name="anything">
			<arglist>
				<arg name="ARG_NAME_0" type="list" optional="0" />
			</arglist>
			<digest>
				<!-- TEXT_HERE -->
			</digest>
			<description>
				<!-- TEXT_HERE -->
			</description>
		</method>
		<method name="+">
			<arglist>
				<arg name="ARG_NAME_0" type="list" optional="0" />
			</arglist>
			<digest>
				Increment parameter value
			</digest>
			<description>
				Increment parameter value by the value defined with the stepsize attribute
			</description>
		</method>
		<method name="-">
			<arglist>
				<arg name="ARG_NAME_0" type="list" optional="0" />
			</arglist>
			<digest>
				Decrement parameter value
			</digest>
			<description>
				Decrement parameter value by the value defined with the stepsize attribute
			</description>
		</method>
		<method name="address">
			<arglist>
				<arg name="ARG_NAME_0" type="symbol" optional="0" />
			</arglist>
			<digest>
				Set node name
			</digest>
			<description>
				Set node name
			</description>
		</method>
		<method name="dec">
			<arglist>
				<arg name="ARG_NAME_0" type="list" optional="0" />
			</arglist>
			<digest>
				Decrement parameter value
			</digest>
			<description>
				Decrement parameter value by the value defined with the stepsize attribute
			</description>
		</method>
		<method name="dump">
			<arglist>
				<arg name="ARG_NAME_0" type="list" optional="0" />
			</arglist>
			<digest>
				Dump
			</digest>
			<description>
				Dump j.parameter attributes state
			</description>
		</method>
		<method name="inc">
			<arglist>
				<arg name="ARG_NAME_0" type="list" optional="0" />
			</arglist>
			<digest>
				Increment parameter value
			</digest>
			<description>
				Increment parameter value by the value defined with the stepsize attribute
			</description>
		</method>
		<method name="init">
			<arglist>
				<arg name="ARG_NAME_0" type="list" optional="0" />
			</arglist>
			<digest>
				Reset the j.parameter to its default state
			</digest>
			<description>
				Reset the j.parameter to its default state
			</description>
		</method>
	</methodlist>
	<!--ATTRIBUTES-->
	<attributelist>
		<attribute name="active" get="1" set="1" type="int" size="1">
			<digest>
				Enable parameter
			</digest>
			<description>
				Enable parameter
			</description>
			<attributelist>
				<attribute name="style" get="1" set="1" type="symbol" size="1" value="onoff" />
			</attributelist>
		</attribute>
		<attribute name="dataspace" get="1" set="1" type="symbol" size="1">
			<digest>
				Dataspace used by the parameter
			</digest>
			<description>
				Dataspace used by the parameter (angle, color, distance, gain, none, orientation, position, speed, temperature, time)
			</description>
		</attribute>
		<attribute name="unit" get="1" set="1" type="symbol" size="1">
			<digest>
				Dataspace unit used by the parameter
			</digest>
			<description>
				Dataspace unit used by the parameter
			</description>
		</attribute>
		<attribute name="description" get="1" set="1" type="symbol" size="1">
			<digest>
				Node description
			</digest>
			<description>
				Node description
			</description>
		</attribute>
		<attribute name="priority" get="1" set="1" type="int" size="1">
			<digest>
				Set j.parameter priority
			</digest>
			<description>
				Set parameter value order within a model
			</description>
		</attribute>
		<attribute name="ramp/drive" get="1" set="1" type="symbol" size="1">
			<digest>
				Set the scheduler driving the ramp
			</digest>
			<description>
				Set the scheduler driving the ramp: none, max
			</description>
		</attribute>
		<attribute name="ramp/function" get="1" set="1" type="symbol" size="1">
			<digest>
				Function to be used for ramping
			</digest>
			<description>
				Function to be used for ramping (cosine, crossFadeIn, crossFadeOut, exponential, freehand, linear, logarithm, lowpass, power, smoothPolynomial, tanh, bartlett, blackman, blackmanHarris, expodec, gauss, hamming, hanning, kaiser, nuttall, rectangular, rosenbergGlottalPulse, trapezoid, tukey, welch)
			</description>
		</attribute>
		<attribute name="ramp/function/parameters" get="1" set="1" type="atom" size="1">
			<digest>
				Parameters of the selected function used for ramping
			</digest>
			<description>
				Parameters of the selected function used for ramping
			</description>
		</attribute>
		<attribute name="ramp/status" get="1" set="1" type="int" size="1">
			<digest>
				Ramp status
			</digest>
			<description>
				Ramp status. THe attribute will be set to 1 when ramping or to 0 when done
			</description>
		</attribute>
		<attribute name="range" get="1" set="1" type="atom" size="1">
			<digest>
				j.parameter value range
			</digest>
			<description>
				j.parameter value range
			</description>
		</attribute>
		<attribute name="clipmode" get="1" set="1" type="symbol" size="1">
			<digest>
				Set how values exceeding range will be clipped
			</digest>
			<description>
				Set how values exceeding range will be clipped (none, low, high, wrap, fold)
			</description>
		</attribute>
		<attribute name="repetitions/filter" get="1" set="1" type="int" size="1">
			<digest>
				Filtering of value repetitions
			</digest>
			<description>
				Set whether to filter out value repetitions or not
			</description>
		</attribute>
		<!-- <attribute name="service" get="1" set="1" type="symbol" size="1">
			<digest>
				TEXT_HERE
			</digest>
			<description>
				TEXT_HERE
			</description>
		</attribute> -->
		<attribute name="tags" get="1" set="1" type="atom" size="1">
			<digest>
				Some tags associated to the parameter
			</digest>
			<description>
				Some tags associated to the parameter
			</description>
		</attribute>
		<attribute name="type" get="1" set="1" type="symbol" size="1">
			<digest>
				Type of the parameter value
			</digest>
			<description>
				Type of the parameter value
			</description>
		</attribute>
		<attribute name="value" get="1" set="1" type="int" size="1">
			<digest>
				Current parameter value
			</digest>
			<description>
				Current parameter value
			</description>
		</attribute>
		<attribute name="default" get="1" set="1" type="int" size="1">
			<digest>
				Default value
			</digest>
			<description>
				Default value output by j.parameter on model initialization
			</description>
		</attribute>
		<attribute name="stepsize" get="1" set="1" type="int" size="1">
			<digest>
				Size of the incrementation/decrementation
			</digest>
			<description>
				Size the j.parameter's value will be incremented/decremented
			</description>
		</attribute>
	</attributelist>
	<!--EXAMPLE-->
	<examplelist>
		<example caption="" img="" />
	</examplelist>
	<!--SEEALSO-->
	<seealsolist>
		<seealso name="j.model">
			<!-- TEXT_HERE -->
		</seealso>
		<seealso name="j.message">
			<!-- TEXT_HERE -->
		</seealso>
	</seealsolist>
</c74object>
