<?xml version="1.0" encoding="utf-8" standalone="yes"?>

<?xml-stylesheet href="./_c74_ref.xsl" type="text/xsl"?>

<!--Data marked TEXT_HERE, INLET_TYPE, OUTLET_TYPE, ARG_NAME and ARG_TYPE need to be filled in-->
<c74object name="j.pi" module="" category="Jamoma">
	<digest>
		Calculate the value of PI
	</digest>
	<description>
		Calculate the value of PI
	</description>
	<!--METADATA-->
	<metadatalist>
		<metadata name="author">
			Jamoma
		</metadata>
		<metadata name="tag">
			osc
		</metadata>
		<metadata name="tag">
			Jamoma
		</metadata>
	</metadatalist>
	<!--INLETS-->
	<inletlist>
		<inlet id="0" type="INLET_TYPE">
			<digest>
				bang
			</digest>
			<description>
				TEXT_HERE
			</description>
		</inlet>
  </inletlist>
	<!--OUTLETS-->
	<outletlist>
		<outlet id="0" type="OUTLET_TYPE">
			<digest>
				Returns the value of PI
			</digest>
			<description>
				Returns the value of PI
			</description>
		</outlet>
	</outletlist>
	<!--ARGUMENTS-->
	<!--MESSAGES-->
	<methodlist>
		<method name="bang">
			<arglist />
			<digest>
				Returns the value of PI.
			</digest>
			<description>
				Returns the value of PI.
			</description>
		</method>
	</methodlist>
	<!--ATTRIBUTES-->
	<!--EXAMPLE-->
	<examplelist>
		<example caption="" img="" />
	</examplelist>
	<!--SEEALSO-->
	<seealsolist>
		<seealso name="expr"/>
	</seealsolist>
</c74object>
