<?xml version="1.0" encoding="utf-8" standalone="yes"?>

<?xml-stylesheet href="./_c74_ref.xsl" type="text/xsl"?>

<!--Data marked TEXT_HERE, INLET_TYPE, OUTLET_TYPE, ARG_NAME and ARG_TYPE need to be filled in-->
<c74object name="j.push" module="" category="Jamoma">
	<digest>
		Apply force to an object
	</digest>
	<description>
		Push an object around by applying force to it
	</description>
	<!--METADATA-->
	<metadatalist>
		<metadata name="author">
			Jamoma
		</metadata>
		<metadata name="tag">
			Jamoma
		</metadata>
	</metadatalist>
	<!--INLETS-->
	<inletlist>
		<inlet id="0" type="list">
			<digest>
				force applied to object
			</digest>
			<description>
				TEXT_HERE
			</description>
		</inlet>
		<inlet id="1" type="list">
			<digest>
			</digest>
			<description>
				TEXT_HERE
			</description>
		</inlet>
	</inletlist>
	<!--OUTLETS-->
	<outletlist>
		<outlet id="0" type="list">
			<digest>
				resulting position of object
			</digest>
			<description>
				TEXT_HERE
			</description>
		</outlet>
		<outlet id="1" type="list">
			<digest>
				dumpout
			</digest>
			<description>
				TEXT_HERE
			</description>
		</outlet>
	</outletlist>
	<!--ARGUMENTS-->
	<objarglist>
		<objarg id="0" name="OBJARG_NAME" type="OBJARG_TYPE" optional="0">
			<digest>
				TEXT_HERE
			</digest>
			<description>
				TEXT_HERE
			</description>
		</objarg>
	</objarglist>
	<!--MESSAGES-->
	<methodlist>
		<method name="clear">
			<arglist />
			<digest>
				TEXT_HERE
			</digest>
			<description>
				TEXT_HERE
			</description>
		</method>
		<method name="force">
			<arglist>
				<arg name="ARG_NAME_0" type="list" optional="0" />
			</arglist>
			<digest>
				TEXT_HERE
			</digest>
			<description>
				TEXT_HERE
			</description>
		</method>
		<method name="position">
			<arglist>
				<arg name="ARG_NAME_0" type="list" optional="0" />
			</arglist>
			<digest>
				TEXT_HERE
			</digest>
			<description>
				TEXT_HERE
			</description>
		</method>
	</methodlist>
	<!--ATTRIBUTES-->
	<attributelist>
		<attribute name="boundary" get="1" set="1" type="symbol" size="1">
			<digest>
				TEXT_HERE
			</digest>
			<description>
				TEXT_HERE
			</description>
			<attributelist>
				<attribute name="enumvals" get="1" set="1" type="atom" size="5">
					<enumlist>
						<enum name="none">
							<digest>
								TEXT_HERE
							</digest>
							<description>
								TEXT_HERE
							</description>
						</enum>
						<enum name="clip">
							<digest>
								TEXT_HERE
							</digest>
							<description>
								TEXT_HERE
							</description>
						</enum>
						<enum name="bounce">
							<digest>
								TEXT_HERE
							</digest>
							<description>
								TEXT_HERE
							</description>
						</enum>
						<enum name="fold">
							<digest>
								TEXT_HERE
							</digest>
							<description>
								TEXT_HERE
							</description>
						</enum>
						<enum name="repel">
							<digest>
								TEXT_HERE
							</digest>
							<description>
								TEXT_HERE
							</description>
						</enum>
					</enumlist>
				</attribute>
				<attribute name="style" get="1" set="1" type="symbol" size="1" value="enum" />
			</attributelist>
		</attribute>
		<attribute name="dimensions" get="1" set="1" type="int" size="1">
			<digest>
				TEXT_HERE
			</digest>
			<description>
				TEXT_HERE
			</description>
		</attribute>
		<attribute name="friction" get="1" set="1" type="float" size="1">
			<digest>
				TEXT_HERE
			</digest>
			<description>
				TEXT_HERE
			</description>
		</attribute>
		<attribute name="size" get="1" set="1" type="atom" size="1">
			<digest>
				TEXT_HERE
			</digest>
			<description>
				TEXT_HERE
			</description>
		</attribute>
	</attributelist>
	<!--EXAMPLE-->
	<examplelist>
		<example caption="" img="" />
	</examplelist>
	<!--SEEALSO-->
	<seealsolist>
		<seealso name="jit.phys.ghost"/>
	</seealsolist>
</c74object>
