<?xml version="1.0" encoding="utf-8" standalone="yes"?>

<?xml-stylesheet href="./_c74_ref.xsl" type="text/xsl"?>

<!--Data marked TEXT_HERE, INLET_TYPE, OUTLET_TYPE, ARG_NAME and ARG_TYPE need to be filled in-->
<c74object name="j.ramp" module="" category="Jamoma">
	<digest>
		Ramping from a value to a value
	</digest>
	<description>
		j.ramp provides a number of features to ramp to a value
	</description>
	<!--METADATA-->
	<metadatalist>
		<metadata name="author">
			Jamoma
		</metadata>
		<metadata name="tag">
			ramp
		</metadata>
		<metadata name="tag">
			line
		</metadata>
		<metadata name="tag">
			Jamoma
		</metadata>
	</metadatalist>
	<!--INLETS-->
	<inletlist>
		<inlet id="0" type="INLET_TYPE">
			<digest>
				input
			</digest>
			<description>
				input
			</description>
		</inlet>
	</inletlist>
	<!--OUTLETS-->
	<outletlist>
		<outlet id="0" type="OUTLET_TYPE">
			<digest>
				ramping value
			</digest>
			<description>
				ramping value
			</description>
		</outlet>
		<outlet id="1" type="OUTLET_TYPE">
			<digest>
				dumpout
			</digest>
			<description>
				dumpout
			</description>
		</outlet>
	</outletlist>
	<!--ARGUMENTS-->
	<!-- <objarglist>
		<objarg id="0" name="OBJARG_NAME" type="OBJARG_TYPE" optional="0">
			<digest>
				TEXT_HERE
			</digest>
			<description>
				TEXT_HERE
			</description>
		</objarg>
	</objarglist> -->
	<!--MESSAGES-->
	<methodlist>
		<method name="bang">
			<arglist />
			<digest>
				Output new ramp value when in async mode
			</digest>
			<description>
				Output new ramp value when in async mode
			</description>
		</method>
		<method name="int">
			<arglist>
				<arg name="ARG_NAME_0" type="int" optional="0" />
			</arglist>
			<digest>
				Jump to value
			</digest>
			<description>
				Jump to value
			</description>
		</method>
		<method name="float">
			<arglist>
				<arg name="ARG_NAME_0" type="float" optional="0" />
			</arglist>
			<digest>
				Jump to value
			</digest>
			<description>
				Jump to value
			</description>
		</method>
		<method name="list">
			<arglist>
				<arg name="ARG_NAME_0" type="list" optional="0" />
			</arglist>
			<digest>
				Jump to value
			</digest>
			<description>
				Jump to value
			</description>
		</method>
		<method name="dump">
			<arglist>
				<arg name="ARG_NAME_0" type="list" optional="0" />
			</arglist>
			<digest>
				Dump attributes value
			</digest>
			<description>
				Dump attributes value
			</description>
		</method>
		<method name="go">
			<arglist>
				<arg name="ARG_NAME_0" type="list" optional="0" />
			</arglist>
			<digest>
				Ramp to target value
			</digest>
			<description>
				Ramp to target value in the defined amount of time
			</description>
		</method>
		<method name="set">
			<arglist>
				<arg name="ARG_NAME_0" type="list" optional="0" />
			</arglist>
			<digest>
				Set value (without output)
			</digest>
			<description>
				Set j.ramp to value without causing output
			</description>
		</method>
		<method name="slide">
			<arglist>
				<arg name="ARG_NAME_0" type="list" optional="0" />
			</arglist>
			<digest>
				Manually ramp to a target value
			</digest>
			<description>
				Manually ramp from last output value to the value defined by the target message
			</description>
		</method>
		<method name="stop">
			<arglist />
			<digest>
				Stop ramp
			</digest>
			<description>
				Stop ramp
			</description>
		</method>
		<method name="target">
			<arglist>
				<arg name="ARG_NAME_0" type="list" optional="0" />
			</arglist>
			<digest>
				Set value to be reached by ramp
			</digest>
			<description>
				Set value to be reached by ramp when using the slide message
			</description>
		</method>
	</methodlist>
	<!--ATTRIBUTES-->
	<attributelist>
		<attribute name="function" get="1" set="1" type="symbol" size="1">
			<digest>
				Set ramping function
			</digest>
			<description>
				Set ramping function
			</description>
		</attribute>
		<attribute name="ramp/time" get="1" set="1" type="float" size="1">
			<digest>
				Set ramping time
			</digest>
			<description>
				Set ramping time
			</description>
		</attribute>
		<attribute name="running" get="1" set="1" type="atom" size="1">
			<digest>
				Report ramping state
			</digest>
			<description>
				Report ramping state
			</description>
		</attribute>
		<attribute name="scheduler" get="1" set="1" type="symbol" size="1">
			<digest>
				Set the scheduler running the drive
			</digest>
			<description>
				Set the scheduler running the drive
			</description>
		</attribute>
	</attributelist>
	<!--EXAMPLE-->
	<examplelist>
		<example caption="" img="" />
	</examplelist>
	<!--SEEALSO-->
	<seealsolist>
		<seealso name="j.parameter"/>
		<seealso name="j.ramp~"/>
		<seealso name="slide"/>
	</seealsolist>
</c74object>
