<?xml version="1.0" encoding="utf-8" standalone="yes"?>

<?xml-stylesheet href="./_c74_ref.xsl" type="text/xsl"?>

<!--Data marked TEXT_HERE, INLET_TYPE, OUTLET_TYPE, ARG_NAME and ARG_TYPE need to be filled in-->
<c74object name="j.parameter_array" module="" category="Jamoma">
	<digest>
		Define an array of remote access
	</digest>
	<description>
		This component is a utility for creating an array of remote access to several parameter in one go
	</description>
	<!--METADATA-->
	<metadatalist>
		<metadata name="author">
			Jamoma
		</metadata>
		<metadata name="tag">
			view
		</metadata>
		<metadata name="tag">
			Jamoma
		</metadata>
	</metadatalist>
	<!--INLETS-->
	<inletlist>
		<inlet id="0" type="INLET_TYPE">
			<digest>
				Set the value of the selected instance(s)
			</digest>
			<description>
				Set the value of the selected instance(s)
			</description>
		</inlet>
		<inlet id="1" type="INLET_TYPE">
			<digest>
				Index (use * to bind all instances)
			</digest>
			<description>
				Select instance addressed by the input
			</description>
		</inlet>
	</inletlist>
	<!--OUTLETS-->
	<outletlist>
		<outlet id="0" type="OUTLET_TYPE">
			<digest>
				Connect to ui object
			</digest>
			<description>
				Value prepended with the set message. Note that values are deferlowed.
			</description>
		</outlet>
	</outletlist>
	<!--ARGUMENTS-->
	<objarglist>
		<objarg id="0" name="OBJARG_NAME" type="OBJARG_TYPE" optional="0">
			<digest>
				Parameter value
			</digest>
			<description>
				Parameter value
			</description>
		</objarg>
	</objarglist>
	<!--MESSAGES-->
	<methodlist>
		<method name="bang">
			<arglist />
			<digest>
				TEXT_HERE
			</digest>
			<description>
				TEXT_HERE
			</description>
		</method>
		<method name="int">
			<arglist>
				<arg name="ARG_NAME_0" type="int" optional="0" />
			</arglist>
			<digest>
				Send value to parameter
			</digest>
			<description>
				Send value to parameter
			</description>
		</method>
		<method name="float">
			<arglist>
				<arg name="ARG_NAME_0" type="float" optional="0" />
			</arglist>
			<digest>
				Send value to parameter
			</digest>
			<description>
				Send value to parameter
			</description>
		</method>
		<method name="list">
			<arglist>
				<arg name="ARG_NAME_0" type="list" optional="0" />
			</arglist>
			<digest>
				Send values to parameter
			</digest>
			<description>
				Send values to parameter
			</description>
		</method>
		<method name="anything">
			<arglist>
				<arg name="ARG_NAME_0" type="list" optional="0" />
			</arglist>
			<digest>
				Send message to parameter
			</digest>
			<description>
				Send message to parameter
			</description>
		</method>
		<method name="address">
			<arglist>
				<arg name="ARG_NAME_0" type="symbol" optional="0" />
			</arglist>
			<digest>
				Set the array of parameters address j.parameter_array is binding to
			</digest>
			<description>
				Set the array of parameters address j.parameter_array is binding to
			</description>
		</method>
		<method name="array">
			<arglist>
				<arg name="ARG_NAME_0" type="list" optional="0" />
			</arglist>
			<digest>
				Dispatch a list of value to all instances
			</digest>
			<description>
				Dispatch a list of value to all instances
			</description>
		</method>
		<method name="array/select">
			<arglist>
				<arg name="ARG_NAME_0" type="list" optional="0" />
			</arglist>
			<digest>
				Address a particular instance
			</digest>
			<description>
				Address a particular instance
			</description>
		</method>
		<method name="array/resize">
			<arglist>
				<arg name="ARG_NAME_0" type="int" optional="0" />
			</arglist>
			<digest>
				Resize the array of remotes
			</digest>
			<description>
				Resize the array of remotes
			</description>
		</method>
		<!-- <method name="dump">
			<arglist>
				<arg name="ARG_NAME_0" type="list" optional="0" />
			</arglist>
			<digest>

			</digest>
			<description>
				TEXT_HERE
			</description>
		</method> -->
	</methodlist>
	<!--ATTRIBUTES-->
	<attributelist>
		<attribute name="active" get="1" set="1" type="int" size="1">
			<digest>
				Enable of disable the remotes
			</digest>
			<description>
				Enable of disable the remotes
			</description>
			<attributelist>
				<attribute name="style" get="1" set="1" type="symbol" size="1" value="onoff" />
			</attributelist>
		</attribute>
		<attribute name="address" get="1" set="1" type="symbol" size="1">
			<digest>
				parameter_array address
			</digest>
			<description>
				The parameter_array address j.parameter_array is binding ti
			</description>
		</attribute>
		<attribute name="dataspace" get="1" set="1" type="symbol" size="1">
			<digest>
				The dataspace to use in a view
			</digest>
			<description>
				The dataspace to use in a view
			</description>
		</attribute>
		<attribute name="unit" get="1" set="1" type="symbol" size="1">
			<digest>
				The dataspace unit to use in a view
			</digest>
			<description>
				The dataspace unit to use in a view
			</description>
		</attribute>
		<attribute name="description" get="1" set="1" type="symbol" size="1">
			<digest>
				A description
			</digest>
			<description>
				Description of the remote
			</description>
		</attribute>
		<attribute name="format" get="1" set="1" type="symbol" size="1">
			<digest>
				Values output format
			</digest>
			<description>
				Specify whether parameters values will be output one by one or all as a list
			</description>
			<attributelist>
				<attribute name="enumvals" get="1" set="1" type="atom" size="2">
					<enumlist>
						<enum name="single">
							<digest>
								TEXT_HERE
							</digest>
							<description>
								TEXT_HERE
							</description>
						</enum>
						<enum name="array">
							<digest>
								TEXT_HERE
							</digest>
							<description>
								TEXT_HERE
							</description>
						</enum>
					</enumlist>
				</attribute>
				<attribute name="style" get="1" set="1" type="symbol" size="1" value="enum" />
			</attributelist>
		</attribute>
		<!-- <attribute name="freeze" get="1" set="1" type="int" size="1">
			<digest>
				TEXT_HERE
			</digest>
			<description>
				TEXT_HERE
			</description>
			<attributelist>
				<attribute name="style" get="1" set="1" type="symbol" size="1" value="onoff" />
			</attributelist>
		</attribute> -->
		<attribute name="highlight" get="1" set="1" type="int" size="1">
			<digest>
				Enable ui highlighting
			</digest>
			<description>
				Enable ui highlighting
			</description>
			<attributelist>
				<attribute name="style" get="1" set="1" type="symbol" size="1" value="onoff" />
			</attributelist>
		</attribute>
		<attribute name="tags" get="1" set="1" type="symbol" size="1">
			<digest>
				Define tag for the remote_array
			</digest>
			<description>
				Define tag for the remote_array
			</description>
		</attribute>
		<!-- <attribute name="type" get="1" set="1" type="symbol" size="1">
			<digest>
				TEXT_HERE
			</digest>
			<description>
				TEXT_HERE
			</description>
		</attribute> -->
	</attributelist>
	<!--EXAMPLE-->
	<examplelist>
		<example caption="" img="" />
	</examplelist>
	<!--SEEALSO-->
	<seealsolist>
		<seealso name="j.remote">
		</seealso>
	</seealsolist>
</c74object>
