<?xml version="1.0" encoding="utf-8" standalone="yes"?>

<?xml-stylesheet href="./_c74_ref.xsl" type="text/xsl"?>

<!--Data marked TEXT_HERE, INLET_TYPE, OUTLET_TYPE, ARG_NAME and ARG_TYPE need to be filled in-->
<c74object name="j.route" module="" category="Jamoma">
	<digest>
		A routing object with some advanced features
	</digest>
	<description>
		A routing object with some advanced features
	</description>
	<!--METADATA-->
	<metadatalist>
		<metadata name="author">
			Jamoma
		</metadata>
		<metadata name="tag">
			route
		</metadata>
		<metadata name="tag">
			Jamoma
		</metadata>
	</metadatalist>
	<!--INLETS-->
	<inletlist>
		<inlet id="0" type="INLET_TYPE">
			<digest>
				Input
			</digest>
			<description>
				Input
			</description>
		</inlet>
		<!-- <inlet id="1" type="INLET_TYPE">
			<digest>
				Input
			</digest>
			<description>
				TEXT_HERE
			</description>
		</inlet> -->
	</inletlist>
	<!--OUTLETS-->
	<outletlist>
		<outlet id="0" type="OUTLET_TYPE">
			<digest>
				Matching Output
			</digest>
			<description>
				Output for message matching the string defined in searchstring attribute
			</description>
		</outlet>
		<outlet id="1" type="OUTLET_TYPE">
			<digest>
				Unmatching Output
			</digest>
			<description>
				Output for message unmatching the string defined in searchstring attribute
			</description>
		</outlet>
		<outlet id="2" type="OUTLET_TYPE">
			<digest>
				Dumpout
			</digest>
			<description>
				Dumpout
			</description>
		</outlet>
	</outletlist>
	<!--ARGUMENTS-->
	<!-- <objarglist>
		<objarg id="0" name="OBJARG_NAME" type="OBJARG_TYPE" optional="0">
			<digest>
				TEXT_HERE
			</digest>
			<description>
				TEXT_HERE
			</description>
		</objarg>
	</objarglist> -->
	<!--MESSAGES-->
	<methodlist>
		<method name="bang">
			<arglist />
			<digest>
				Value input
			</digest>
			<description>
				Value input	
			</description>
		</method>
		<method name="list">
			<arglist>
				<arg name="ARG_NAME_0" type="list" optional="0" />
			</arglist>
			<digest>
				Value input
			</digest>
			<description>
				Value input
			</description>
		</method>
		<method name="anything">
			<arglist>
				<arg name="ARG_NAME_0" type="list" optional="0" />
			</arglist>
			<digest>
				Value input
			</digest>
			<description>
				Value input
			</description>
		</method>
	</methodlist>
	<!--ATTRIBUTES-->
	<attributelist>
		<attribute name="partialmatch" get="1" set="1" type="int" size="1">
			<digest>
				Enable or disable partial match
			</digest>
			<description>
				Enable or disable partial match. When enabled, input message partially matching the searchstring attribute will pass
			</description>
		</attribute>
		<attribute name="searchpositions" get="1" set="1" type="int" size="100">
			<digest>
				Set position in input list to test
			</digest>
			<description>
				Set position in input list to test
			</description>
		</attribute>
		<attribute name="searchstring" get="1" set="1" type="symbol" size="100">
			<digest>
				String to search within the input messages
			</digest>
			<description>
				String to search within the input messages
			</description>
		</attribute>
	</attributelist>
	<!--EXAMPLE-->
	<examplelist>
		<example caption="" img="" />
	</examplelist>
	<!--SEEALSO-->
	<seealsolist>
		<seealso name="route">
			<!-- TEXT_HERE -->
		</seealso>
		<seealso name="regexp">
			<!-- TEXT_HERE -->
		</seealso>
	</seealsolist>
</c74object>
