<?xml version="1.0" encoding="utf-8" standalone="yes"?>

<?xml-stylesheet href="./_c74_ref.xsl" type="text/xsl"?>

<!--Data marked TEXT_HERE, INLET_TYPE, OUTLET_TYPE, ARG_NAME and ARG_TYPE need to be filled in-->
<c74object name="j.savebang" module="" category="Jamoma">
	<digest>
		Send a <m>bang</m> on close
	</digest>
	<description>
		Sends a <m>bang</m> whenever the patcher within which it resides is saved.
	</description>
	<!--METADATA-->
	<metadatalist>
		<metadata name="author">
			Jamoma
		</metadata>
		<metadata name="tag">
			save
		</metadata>
		<metadata name="tag">
			patching
		</metadata>
		<metadata name="tag">
			Jamoma
		</metadata>
	</metadatalist>
	<!--INLETS-->
	<inletlist>
		<inlet id="0" type="INLET_TYPE">
			<digest>
				sends a bang when the containing patcher is saved
			</digest>
			<description>
				TEXT_HERE
			</description>
		</inlet>
		<!-- <inlet id="1" type="INLET_TYPE">
			<digest>
				sends a bang when the containing patcher is saved
			</digest>
			<description>
				TEXT_HERE
			</description>
		</inlet> -->
	</inletlist>
	<!--OUTLETS-->
	<outletlist>
		<outlet id="0" type="OUTLET_TYPE">
			<digest>
				Sends a bang when the containing patcher is saved
			</digest>
			<description>
				Sends a bang when the containing patcher is saved
			</description>
		</outlet>
	</outletlist>
	<!--ARGUMENTS-->
	<!-- <objarglist>
		<objarg id="0" name="OBJARG_NAME" type="OBJARG_TYPE" optional="0">
			<digest>
				TEXT_HERE
			</digest>
			<description>
				TEXT_HERE
			</description>
		</objarg>
	</objarglist> -->
	<!--MESSAGES-->
	<!--ATTRIBUTES-->
	<!--EXAMPLE-->
	<examplelist>
		<example caption="" img="" />
	</examplelist>
	<!--SEEALSO-->
	<seealsolist>
		<seealso name="closebang">
			<!-- TEXT_HERE -->
		</seealso>
	</seealsolist>
</c74object>
