<?xml version="1.0" encoding="utf-8" standalone="yes"?>

<?xml-stylesheet href="./_c74_ref.xsl" type="text/xsl"?>

<!--Data marked TEXT_HERE, INLET_TYPE, OUTLET_TYPE, ARG_NAME and ARG_TYPE need to be filled in-->
<c74object name="j.send" module="" category="Jamoma">
	<digest>
		value or signal sender
	</digest>
	<description>
		sending value to parameter or message and signal to in using their address
	</description>
	<!--METADATA-->
	<metadatalist>
		<metadata name="author">
			Jamoma
		</metadata>
		<metadata name="tag">
			remote
		</metadata>
		<metadata name="tag">
			Jamoma
		</metadata>
	</metadatalist>
	<!--INLETS-->
	<inletlist>
		<inlet id="0" type="INLET_TYPE">
			<digest>
			</digest>
			<description>
				Value to send
			</description>
		</inlet>
		<!-- <inlet id="1" type="INLET_TYPE">
			<digest>
			</digest>
			<description>
				TEXT_HERE
			</description>
		</inlet> -->
	</inletlist>
	<!--OUTLETS-->
	<outletlist>
		<outlet id="0" type="OUTLET_TYPE">
			<digest>
			</digest>
			<description>
				Absolute address of the target node
			</description>
		</outlet>
	</outletlist>
	<!--ARGUMENTS-->
	<objarglist>
		<objarg id="0" name="OBJARG_NAME" type="OBJARG_TYPE" optional="0">
			<digest>
				Target node
			</digest>
			<description>
				Address of the target node (ie. parameter)
			</description>
		</objarg>
	</objarglist>
	<!--MESSAGES-->
	<methodlist>
		<method name="bang">
			<arglist />
			<digest>
				<!-- TEXT_HERE -->
			</digest>
			<description>
				<!-- TEXT_HERE -->
			</description>
		</method>
		<method name="int">
			<arglist>
				<arg name="ARG_NAME_0" type="int" optional="0" />
			</arglist>
			<digest>
				<!-- TEXT_HERE -->
			</digest>
			<description>
				<!-- TEXT_HERE -->
			</description>
		</method>
		<method name="float">
			<arglist>
				<arg name="ARG_NAME_0" type="float" optional="0" />
			</arglist>
			<digest>
				<!-- TEXT_HERE -->
			</digest>
			<description>
				<!-- TEXT_HERE -->
			</description>
		</method>
		<method name="list">
			<arglist>
				<arg name="ARG_NAME_0" type="list" optional="0" />
			</arglist>
			<digest>
				<!-- TEXT_HERE -->
			</digest>
			<description>
				<!-- TEXT_HERE -->
			</description>
		</method>
		<method name="anything">
			<arglist>
				<arg name="ARG_NAME_0" type="list" optional="0" />
			</arglist>
			<digest>
				<!-- TEXT_HERE -->
			</digest>
			<description>
				<!-- TEXT_HERE -->
			</description>
		</method>
		<method name="address">
			<arglist>
				<arg name="ARG_NAME_0" type="symbol" optional="0" />
			</arglist>
			<digest>
				Target node address
			</digest>
			<description>
				The message 'address' followed by an absolute or relative address set the target address
			</description>
		</method>
		<method name="dump">
			<arglist>
				<arg name="ARG_NAME_0" type="list" optional="0" />
			</arglist>
			<digest>
				Dumpout
			</digest>
			<description>
				Dump object attributes value
			</description>
		</method>
		<method name="symbol">
			<arglist>
				<arg name="ARG_NAME_0" type="symbol" optional="0" />
			</arglist>
			<digest>
				<!-- TEXT_HERE -->
			</digest>
			<description>
				<!-- TEXT_HERE -->
			</description>
		</method>
	</methodlist>
	<!--ATTRIBUTES-->
	<attributelist>
		<attribute name="address" get="1" set="1" type="symbol" size="1">
			<digest>
				Target node address
			</digest>
			<description>
				The message 'address' followed by an absolute or relative address set the target address
			</description>
		</attribute>
	</attributelist>
	<!--EXAMPLE-->
	<examplelist>
		<example caption="" img="" />
	</examplelist>
	<!--SEEALSO-->
	<seealsolist>
		<seealso name="j.remote">
			<!-- TEXT_HERE -->
		</seealso>
		<seealso name="j.receive">
			<!-- TEXT_HERE -->
		</seealso>
		<seealso name="send">
			<!-- TEXT_HERE -->
		</seealso>
	</seealsolist>
</c74object>
