<?xml version="1.0" encoding="utf-8" standalone="yes"?>

<?xml-stylesheet href="./_c74_ref.xsl" type="text/xsl"?>

<!--Data marked TEXT_HERE, INLET_TYPE, OUTLET_TYPE, ARG_NAME and ARG_TYPE need to be filled in-->
<c74object name="j.ui" module="" category="Jamoma">
	<digest>
		TEXT_HERE
	</digest>
	<description>
		TEXT_HERE
	</description>
	<!--METADATA-->
	<metadatalist>
		<metadata name="author">
			Jamoma
		</metadata>
		<metadata name="tag">
			Jamoma
		</metadata>
		<metadata name="tag">
			Jamoma
		</metadata>
		<metadata name="tag">
			Jamoma
		</metadata>
		<metadata name="tag">
			Jamoma
		</metadata>
		<metadata name="tag">
			Jamoma
		</metadata>
		<metadata name="tag">
			Jamoma
		</metadata>
		<metadata name="tag">
			Jamoma
				</metadata>
		<metadata name="tag">
			Jamoma
				</metadata>
		<metadata name="tag">
			Jamoma
		</metadata>
		<metadata name="tag">
			Jamoma
		</metadata>
	</metadatalist>


	<!--INLETS-->
	<!--OUTLETS-->
	<!--ARGUMENTS-->
	<objarglist>
		<objarg id="0" name="OBJARG_NAME" type="OBJARG_TYPE" optional="0">
			<digest>
				TEXT_HERE
			</digest>
			<description>
				TEXT_HERE
			</description>
		</objarg>
	</objarglist>
	<!--MESSAGES-->
	<methodlist>
		<method name="(mouse)">
			<digest>
				TEXT_HERE
			</digest>
			<description>
				TEXT_HERE
			</description>
		</method>
	</methodlist>
	<!--ATTRIBUTES-->
	<attributelist>
		<attribute name="bgcolor" get="1" set="1" type="float" size="4">
			<digest>
				TEXT_HERE
			</digest>
			<description>
				TEXT_HERE
			</description>
			<attributelist>
				<attribute name="category" get="1" set="1" type="atom" size="1" value="Color" />
				<attribute name="defaultname" get="1" set="1" type="float" size="4" value="0.93 0.93 0.93 1." />
				<attribute name="paint" get="1" set="1" type="int" size="1" value="1" />
				<attribute name="save" get="1" set="1" type="int" size="1" value="1" />
				<attribute name="style" get="1" set="1" type="symbol" size="1" value="rgba" />
			</attributelist>
		</attribute>
		<attribute name="bordercolor" get="1" set="1" type="float" size="4">
			<digest>
				TEXT_HERE
			</digest>
			<description>
				TEXT_HERE
			</description>
			<attributelist>
				<attribute name="category" get="1" set="1" type="atom" size="1" value="Color" />
				<attribute name="defaultname" get="1" set="1" type="float" size="4" value="0.6 0.6 0.6 1." />
				<attribute name="paint" get="1" set="1" type="int" size="1" value="1" />
				<attribute name="save" get="1" set="1" type="int" size="1" value="1" />
				<attribute name="style" get="1" set="1" type="symbol" size="1" value="rgba" />
			</attributelist>
		</attribute>
		<attribute name="headercolor" get="1" set="1" type="float" size="4">
			<digest>
				TEXT_HERE
			</digest>
			<description>
				TEXT_HERE
			</description>
			<attributelist>
				<attribute name="category" get="1" set="1" type="atom" size="1" value="Color" />
				<attribute name="defaultname" get="1" set="1" type="float" size="4" value="0.82 0.82 0.82 1." />
				<attribute name="paint" get="1" set="1" type="int" size="1" value="1" />
				<attribute name="save" get="1" set="1" type="int" size="1" value="1" />
				<attribute name="style" get="1" set="1" type="symbol" size="1" value="rgba" />
			</attributelist>
		</attribute>
		<attribute name="textcolor" get="1" set="1" type="float" size="4">
			<digest>
				TEXT_HERE
			</digest>
			<description>
				TEXT_HERE
			</description>
			<attributelist>
				<attribute name="category" get="1" set="1" type="atom" size="1" value="Color" />
				<attribute name="defaultname" get="1" set="1" type="float" size="4" value="0. 0. 0. 1." />
				<attribute name="paint" get="1" set="1" type="int" size="1" value="1" />
				<attribute name="save" get="1" set="1" type="int" size="1" value="1" />
				<attribute name="style" get="1" set="1" type="symbol" size="1" value="rgba" />
			</attributelist>
		</attribute>
	</attributelist>
	<!--EXAMPLE-->
	<examplelist>
		<example caption="" img="" />
	</examplelist>
	<!--SEEALSO-->
	<seealsolist>
		<seealso name="bogus">
			TEXT_HERE
		</seealso>
	</seealsolist>
</c74object>
