<?xml version="1.0" encoding="utf-8" standalone="yes"?>

<?xml-stylesheet href="./_c74_ref.xsl" type="text/xsl"?>

<!--Data marked TEXT_HERE, INLET_TYPE, OUTLET_TYPE, ARG_NAME and ARG_TYPE need to be filled in-->
<c74object name="j.unit" module="" category="Jamoma">
	<digest>
		Convert between various types of units using the dataspaceLib
	</digest>
	<description>
		<!-- TEXT_HERE -->
	</description>
	<!--METADATA-->
	<metadatalist>
		<metadata name="author">
			Jamoma
		</metadata>
		<metadata name="tag">
			Jamoma
		</metadata>
	</metadatalist>
	<!--INLETS-->
	<inletlist>
		<inlet id="0" type="INLET_TYPE">
			<digest>
			</digest>
			<description>
				TEXT_HERE
			</description>
		</inlet>
		<inlet id="1" type="INLET_TYPE">
			<digest>
			</digest>
			<description>
				TEXT_HERE
			</description>
		</inlet>
	</inletlist>
	<!--OUTLETS-->
	<outletlist>
		<outlet id="0" type="OUTLET_TYPE">
			<digest>
				y=f(x)
			</digest>
			<description>
				TEXT_HERE
			</description>
		</outlet>
		<outlet id="1" type="OUTLET_TYPE">
			<digest>
				dumpout
			</digest>
			<description>
				TEXT_HERE
			</description>
		</outlet>
	</outletlist>
	<!--ARGUMENTS-->
	<objarglist>
		<objarg id="0" name="OBJARG_NAME" type="OBJARG_TYPE" optional="0">
			<digest>
				TEXT_HERE
			</digest>
			<description>
				TEXT_HERE
			</description>
		</objarg>
	</objarglist>
	<!--MESSAGES-->
	<methodlist>
		<method name="int">
			<arglist>
				<arg name="ARG_NAME_0" type="list" optional="0" />
			</arglist>
			<digest>
				TEXT_HERE
			</digest>
			<description>
				TEXT_HERE
			</description>
		</method>
		<method name="float">
			<arglist>
				<arg name="ARG_NAME_0" type="list" optional="0" />
			</arglist>
			<digest>
				TEXT_HERE
			</digest>
			<description>
				TEXT_HERE
			</description>
		</method>
		<method name="list">
			<arglist>
				<arg name="ARG_NAME_0" type="list" optional="0" />
			</arglist>
			<digest>
				TEXT_HERE
			</digest>
			<description>
				TEXT_HERE
			</description>
		</method>
		<method name="dataspaces.get">
			<arglist />
			<digest>
				TEXT_HERE
			</digest>
			<description>
				TEXT_HERE
			</description>
		</method>
		<method name="units.get">
			<arglist>
				<arg name="ARG_NAME_0" type="list" optional="0" />
			</arglist>
			<digest>
				TEXT_HERE
			</digest>
			<description>
				TEXT_HERE
			</description>
		</method>
	</methodlist>
	<!--ATTRIBUTES-->
	<attributelist>
		<attribute name="dataspace" get="1" set="1" type="symbol" size="1">
			<digest>
				TEXT_HERE
			</digest>
			<description>
				TEXT_HERE
			</description>
		</attribute>
		<attribute name="input" get="1" set="1" type="symbol" size="1">
			<digest>
				TEXT_HERE
			</digest>
			<description>
				TEXT_HERE
			</description>
		</attribute>
		<attribute name="output" get="1" set="1" type="symbol" size="1">
			<digest>
				TEXT_HERE
			</digest>
			<description>
				TEXT_HERE
			</description>
		</attribute>
	</attributelist>
	<!--EXAMPLE-->
	<examplelist>
		<example caption="" img="" />
	</examplelist>
	<!--SEEALSO-->
	<seealsolist>
		<seealso name="j.parameter">
				
		</seealso>
	</seealsolist>
</c74object>
